experiment,scenario,bandwidth_mb_s,beta,compression_ratio,method,repeat,total_cost,total_latency,total_energy
main_comparison,mixed5,1.0,1.0,4.0,MinCut+RMatch,0,5.842659124841849,3.8027721991355996,2.0398869257062504
main_comparison,mixed5,1.0,1.0,4.0,MinCut+RMatch,1,6.450256133121215,4.410369207414964,2.0398869257062504
main_comparison,mixed5,1.0,1.0,4.0,MinCut+RMatch,2,5.760937764498992,3.721050838792743,2.0398869257062504
main_comparison,mixed5,1.0,1.0,4.0,MinCut+RMatch,3,6.04718998875296,4.0073030630467095,2.0398869257062504
main_comparison,mixed5,1.0,1.0,4.0,MinCut+RMatch,4,6.435711226010103,4.395824300303853,2.0398869257062504
main_comparison,mixed5,1.0,1.0,4.0,MinCut+RMatch,5,5.925217781095817,3.885330855389568,2.0398869257062504
main_comparison,mixed5,1.0,1.0,4.0,MinCut+RMatch,6,6.372620424295817,4.332733498589567,2.0398869257062504
main_comparison,mixed5,1.0,1.0,4.0,MinCut+RMatch,7,6.513808122518039,4.47392119681179,2.0398869257062504
main_comparison,mixed5,1.0,1.0,4.0,MinCut+RMatch,8,6.532508717375183,4.492621791668933,2.0398869257062504
main_comparison,mixed5,1.0,1.0,4.0,MinCut+RMatch,9,5.62140085451804,3.58151392881179,2.0398869257062504
main_comparison,mixed5,1.0,1.0,4.0,MinCut+RMatch,10,6.421984732930738,4.382097807224488,2.0398869257062504
main_comparison,mixed5,1.0,1.0,4.0,MinCut+RMatch,11,6.504405485295818,4.464518559589568,2.0398869257062504
main_comparison,mixed5,1.0,1.0,4.0,MinCut+RMatch,12,5.816414621121215,3.7765276954149645,2.0398869257062504
main_comparison,mixed5,1.0,1.0,4.0,MinCut+RMatch,13,6.0794062120005785,4.039519286294329,2.0398869257062504
main_comparison,mixed5,1.0,1.0,4.0,MinCut+RMatch,14,5.644411292308516,3.604524366602266,2.0398869257062504
main_comparison,mixed5,1.0,1.0,4.0,MinCut+RMatch,15,5.7356686633434375,3.695781737637187,2.0398869257062504
main_comparison,mixed5,1.0,1.0,4.0,MinCut+RMatch,16,6.338094707851372,4.298207782145122,2.0398869257062504
main_comparison,mixed5,1.0,1.0,4.0,MinCut+RMatch,17,6.140277394264071,4.100390468557821,2.0398869257062504
main_comparison,mixed5,1.0,1.0,4.0,MinCut+RMatch,18,6.054724120978358,4.014837195272108,2.0398869257062504
main_comparison,mixed5,1.0,1.0,4.0,MinCut+RMatch,19,5.925217781095817,3.885330855389568,2.0398869257062504
main_comparison,mixed5,1.0,1.0,4.0,MinCut+RMatch,20,5.704253195851373,3.664366270145123,2.0398869257062504
main_comparison,mixed5,1.0,1.0,4.0,MinCut+RMatch,21,6.3729141093751815,4.333027183668932,2.0398869257062504
main_comparison,mixed5,1.0,1.0,4.0,MinCut+RMatch,22,6.140277394264071,4.100390468557821,2.0398869257062504
main_comparison,mixed5,1.0,1.0,4.0,MinCut+RMatch,23,6.420284416343437,4.380397490637186,2.0398869257062504
main_comparison,mixed5,1.0,1.0,4.0,MinCut+RMatch,24,6.3388053680640715,4.298918442357821,2.0398869257062504
main_comparison,mixed5,1.0,1.0,4.0,MinCut+RMatch,25,6.532508717375183,4.492621791668933,2.0398869257062504
main_comparison,mixed5,1.0,1.0,4.0,MinCut+RMatch,26,5.669064846565659,3.6291779208594095,2.0398869257062504
main_comparison,mixed5,1.0,1.0,4.0,MinCut+RMatch,27,6.410230973184706,4.370344047478456,2.0398869257062504
main_comparison,mixed5,1.0,1.0,4.0,MinCut+RMatch,28,5.836047634984706,3.796160709278457,2.0398869257062504
main_comparison,mixed5,1.0,1.0,4.0,MinCut+RMatch,29,5.573900398708516,3.534013473002266,2.0398869257062504
main_comparison,mixed5,1.0,1.0,4.0,Rpartition+RMatch,0,51.818546313185934,18.687030501154684,33.13151581203125
main_comparison,mixed5,1.0,1.0,4.0,Rpartition+RMatch,1,75.79498586405583,26.772599766180825,49.022386097875
main_comparison,mixed5,1.0,1.0,4.0,Rpartition+RMatch,2,63.28901621131482,21.105972450736743,42.18304376057807
main_comparison,mixed5,1.0,1.0,4.0,Rpartition+RMatch,3,98.27517704396196,32.98719511874011,65.28798192522186
main_comparison,mixed5,1.0,1.0,4.0,Rpartition+RMatch,4,62.09777993089399,21.899695603393994,40.1980843275
main_comparison,mixed5,1.0,1.0,4.0,Rpartition+RMatch,5,31.773973800421146,12.150435303389894,19.62353849703125
main_comparison,mixed5,1.0,1.0,4.0,Rpartition+RMatch,6,88.60227144092939,30.389415007154412,58.212856433774974
main_comparison,mixed5,1.0,1.0,4.0,Rpartition+RMatch,7,95.42242140741516,31.98232859381519,63.440092813599975
main_comparison,mixed5,1.0,1.0,4.0,Rpartition+RMatch,8,89.93360401983128,31.04534670092815,58.888257318903136
main_comparison,mixed5,1.0,1.0,4.0,Rpartition+RMatch,9,31.802606017360592,12.431587351185588,19.371018666175
main_comparison,mixed5,1.0,1.0,4.0,Rpartition+RMatch,10,45.06785852639617,16.618879509796162,28.448979016600003
main_comparison,mixed5,1.0,1.0,4.0,Rpartition+RMatch,11,71.57515342706759,23.2833313543114,48.29182207275618
main_comparison,mixed5,1.0,1.0,4.0,Rpartition+RMatch,12,48.48750196523405,16.006454139974714,32.48104782525934
main_comparison,mixed5,1.0,1.0,4.0,Rpartition+RMatch,13,55.766674782480465,19.16132409501178,36.605350687468686
main_comparison,mixed5,1.0,1.0,4.0,Rpartition+RMatch,14,73.00549413553463,24.645497486397144,48.35999664913748
main_comparison,mixed5,1.0,1.0,4.0,Rpartition+RMatch,15,58.080785841585836,21.085147821460843,36.99563802012499
main_comparison,mixed5,1.0,1.0,4.0,Rpartition+RMatch,16,95.05470920211069,31.72579709810134,63.32891210400934
main_comparison,mixed5,1.0,1.0,4.0,Rpartition+RMatch,17,89.01278875001267,30.635743789987682,58.377044960024996
main_comparison,mixed5,1.0,1.0,4.0,Rpartition+RMatch,18,77.41281683492856,27.985250094291093,49.4275667406375
main_comparison,mixed5,1.0,1.0,4.0,Rpartition+RMatch,19,82.81512697369374,28.905107785240624,53.91001918845312
main_comparison,mixed5,1.0,1.0,4.0,Rpartition+RMatch,20,26.37803065291988,11.098108244326129,15.27992240859375
main_comparison,mixed5,1.0,1.0,4.0,Rpartition+RMatch,21,104.34549599810379,34.60947740026008,69.7360185978437
main_comparison,mixed5,1.0,1.0,4.0,Rpartition+RMatch,22,87.62508867546647,30.293368842253965,57.3317198332125
main_comparison,mixed5,1.0,1.0,4.0,Rpartition+RMatch,23,53.372973094550616,19.79168013070686,33.58129296384375
main_comparison,mixed5,1.0,1.0,4.0,Rpartition+RMatch,24,78.39969751248526,26.744901334938408,51.65479617754686
main_comparison,mixed5,1.0,1.0,4.0,Rpartition+RMatch,25,63.16835027658115,22.80587663248115,40.3624736441
main_comparison,mixed5,1.0,1.0,4.0,Rpartition+RMatch,26,29.56453968415309,11.059310942278088,18.505228741875
main_comparison,mixed5,1.0,1.0,4.0,Rpartition+RMatch,27,35.92255442607065,13.444953003908154,22.477601422162497
main_comparison,mixed5,1.0,1.0,4.0,Rpartition+RMatch,28,76.73221211175894,27.281694967177696,49.45051714458125
main_comparison,mixed5,1.0,1.0,4.0,Rpartition+RMatch,29,55.13519695927512,20.257760934362626,34.8774360249125
bandwidth_sensitivity,mixed5,0.1,1.0,4.0,MinCut+RMatch,0,26.036377869023845,13.190198511880986,12.846179357142857
bandwidth_sensitivity,mixed5,0.1,1.0,4.0,MinCut+RMatch,1,26.465721179880987,13.619541822738128,12.846179357142857
bandwidth_sensitivity,mixed5,0.1,1.0,4.0,MinCut+RMatch,2,26.32368859473813,13.477509237595271,12.846179357142857
bandwidth_sensitivity,mixed5,0.1,1.0,4.0,MinCut+RMatch,3,26.67068608350003,13.824506726357175,12.846179357142857
bandwidth_sensitivity,mixed5,0.1,1.0,4.0,MinCut+RMatch,4,26.144039356515904,13.297859999373049,12.846179357142857
bandwidth_sensitivity,mixed5,0.1,1.0,4.0,MinCut+RMatch,5,26.452193567538124,13.60601421039527,12.846179357142857
bandwidth_sensitivity,mixed5,0.1,1.0,4.0,MinCut+RMatch,6,26.44603281150003,13.599853454357175,12.846179357142857
bandwidth_sensitivity,mixed5,0.1,1.0,4.0,MinCut+RMatch,7,26.465721179880987,13.619541822738128,12.846179357142857
bandwidth_sensitivity,mixed5,0.1,1.0,4.0,MinCut+RMatch,8,25.920136859880984,13.073957502738129,12.846179357142857
bandwidth_sensitivity,mixed5,0.1,1.0,4.0,MinCut+RMatch,9,26.74868156502384,13.902502207880985,12.846179357142857
bandwidth_sensitivity,mixed5,0.1,1.0,4.0,MinCut+RMatch,10,26.367787234357174,13.521607877214318,12.846179357142857
bandwidth_sensitivity,mixed5,0.1,1.0,4.0,MinCut+RMatch,11,26.865843015944478,14.01966365880162,12.846179357142857
bandwidth_sensitivity,mixed5,0.1,1.0,4.0,MinCut+RMatch,12,26.850125838547648,14.003946481404796,12.846179357142857
bandwidth_sensitivity,mixed5,0.1,1.0,4.0,MinCut+RMatch,13,26.265754698738125,13.419575341595271,12.846179357142857
bandwidth_sensitivity,mixed5,0.1,1.0,4.0,MinCut+RMatch,14,26.197485165633367,13.351305808490508,12.846179357142857
bandwidth_sensitivity,mixed5,0.1,1.0,4.0,MinCut+RMatch,15,25.958598994357175,13.11241963721432,12.846179357142857
bandwidth_sensitivity,mixed5,0.1,1.0,4.0,MinCut+RMatch,16,26.159230259880985,13.31305090273813,12.846179357142857
bandwidth_sensitivity,mixed5,0.1,1.0,4.0,MinCut+RMatch,17,25.9539922301667,13.107812873023843,12.846179357142857
bandwidth_sensitivity,mixed5,0.1,1.0,4.0,MinCut+RMatch,18,26.781283888833364,13.93510453169051,12.846179357142857
bandwidth_sensitivity,mixed5,0.1,1.0,4.0,MinCut+RMatch,19,25.920136859880984,13.073957502738129,12.846179357142857
bandwidth_sensitivity,mixed5,0.1,1.0,4.0,MinCut+RMatch,20,26.705211799944475,13.85903244280162,12.846179357142857
bandwidth_sensitivity,mixed5,0.1,1.0,4.0,MinCut+RMatch,21,26.212210960071456,13.366031602928604,12.846179357142857
bandwidth_sensitivity,mixed5,0.1,1.0,4.0,MinCut+RMatch,22,25.908348976833366,13.06216961969051,12.846179357142857
bandwidth_sensitivity,mixed5,0.1,1.0,4.0,MinCut+RMatch,23,26.34333549150003,13.497156134357176,12.846179357142857
bandwidth_sensitivity,mixed5,0.1,1.0,4.0,MinCut+RMatch,24,26.426385914738127,13.580206557595272,12.846179357142857
bandwidth_sensitivity,mixed5,0.1,1.0,4.0,MinCut+RMatch,25,26.710467161823843,13.864287804680984,12.846179357142857
bandwidth_sensitivity,mixed5,0.1,1.0,4.0,MinCut+RMatch,26,25.9912013181667,13.145021961023843,12.846179357142857
bandwidth_sensitivity,mixed5,0.1,1.0,4.0,MinCut+RMatch,27,26.32368859473813,13.477509237595271,12.846179357142857
bandwidth_sensitivity,mixed5,0.1,1.0,4.0,MinCut+RMatch,28,26.304670572515903,13.45849121537305,12.846179357142857
bandwidth_sensitivity,mixed5,0.1,1.0,4.0,MinCut+RMatch,29,25.9912013181667,13.145021961023843,12.846179357142857
bandwidth_sensitivity,mixed5,0.1,1.0,4.0,Rpartition+RMatch,0,100.03780323684481,35.98995144030737,64.04785179653743
bandwidth_sensitivity,mixed5,0.1,1.0,4.0,Rpartition+RMatch,1,97.47450706341282,36.36343171363782,61.11107534977499
bandwidth_sensitivity,mixed5,0.1,1.0,4.0,Rpartition+RMatch,2,107.53177604780826,44.168848626489506,63.362927421318744
bandwidth_sensitivity,mixed5,0.1,1.0,4.0,Rpartition+RMatch,3,99.77134294262311,37.130140300735604,62.6412026418875
bandwidth_sensitivity,mixed5,0.1,1.0,4.0,Rpartition+RMatch,4,96.39592074076957,37.330030686232064,59.065890054537505
bandwidth_sensitivity,mixed5,0.1,1.0,4.0,Rpartition+RMatch,5,102.54564952061392,39.40884431130144,63.1368052093125
bandwidth_sensitivity,mixed5,0.1,1.0,4.0,Rpartition+RMatch,6,95.90701063332257,38.893613131560095,57.01339750176247
bandwidth_sensitivity,mixed5,0.1,1.0,4.0,Rpartition+RMatch,7,101.6112423104762,37.1435546422887,64.46768766818748
bandwidth_sensitivity,mixed5,0.1,1.0,4.0,Rpartition+RMatch,8,105.02177643019195,38.60005306694196,66.42172336324998
bandwidth_sensitivity,mixed5,0.1,1.0,4.0,Rpartition+RMatch,9,114.12372107428986,38.81816409888994,75.30555697539992
bandwidth_sensitivity,mixed5,0.1,1.0,4.0,Rpartition+RMatch,10,97.44694659034151,35.41217364065715,62.03477294968437
bandwidth_sensitivity,mixed5,0.1,1.0,4.0,Rpartition+RMatch,11,111.5622746459794,38.953027357998174,72.60924728798122
bandwidth_sensitivity,mixed5,0.1,1.0,4.0,Rpartition+RMatch,12,81.68261791758178,33.508991770019264,48.1736261475625
bandwidth_sensitivity,mixed5,0.1,1.0,4.0,Rpartition+RMatch,13,98.82098736065763,46.849261226057635,51.971726134600004
bandwidth_sensitivity,mixed5,0.1,1.0,4.0,Rpartition+RMatch,14,101.8627349879267,39.40244597150168,62.46028901642501
bandwidth_sensitivity,mixed5,0.1,1.0,4.0,Rpartition+RMatch,15,99.55583179528097,38.87032969328099,60.68550210199997
bandwidth_sensitivity,mixed5,0.1,1.0,4.0,Rpartition+RMatch,16,124.67000749532431,58.4378176059243,66.23218988939999
bandwidth_sensitivity,mixed5,0.1,1.0,4.0,Rpartition+RMatch,17,122.5202487817722,51.96553776024726,70.55471102152494
bandwidth_sensitivity,mixed5,0.1,1.0,4.0,Rpartition+RMatch,18,64.50660916069197,28.362935473791975,36.1436736869
bandwidth_sensitivity,mixed5,0.1,1.0,4.0,Rpartition+RMatch,19,109.24094776610193,39.93758854128945,69.30335922481245
bandwidth_sensitivity,mixed5,0.1,1.0,4.0,Rpartition+RMatch,20,101.2121307592455,36.6133951083455,64.59873565089998
bandwidth_sensitivity,mixed5,0.1,1.0,4.0,Rpartition+RMatch,21,87.50607348336123,39.293477190361244,48.212596293
bandwidth_sensitivity,mixed5,0.1,1.0,4.0,Rpartition+RMatch,22,64.11702243320511,25.519326413305105,38.5976960199
bandwidth_sensitivity,mixed5,0.1,1.0,4.0,Rpartition+RMatch,23,108.10529530464562,38.716344707995646,69.38895059664998
bandwidth_sensitivity,mixed5,0.1,1.0,4.0,Rpartition+RMatch,24,111.47601804689378,40.075080107606304,71.40093793928747
bandwidth_sensitivity,mixed5,0.1,1.0,4.0,Rpartition+RMatch,25,97.8833210492726,36.0045208023351,61.8788002469375
bandwidth_sensitivity,mixed5,0.1,1.0,4.0,Rpartition+RMatch,26,94.0568554282525,34.18634894670874,59.87050648154375
bandwidth_sensitivity,mixed5,0.1,1.0,4.0,Rpartition+RMatch,27,99.93992854653624,39.49496196834874,60.444966578187504
bandwidth_sensitivity,mixed5,0.1,1.0,4.0,Rpartition+RMatch,28,78.74230901479862,30.960873498948608,47.78143551584999
bandwidth_sensitivity,mixed5,0.1,1.0,4.0,Rpartition+RMatch,29,78.1464063009168,34.09295314571679,44.0534531552
bandwidth_sensitivity,mixed5,0.2,1.0,4.0,MinCut+RMatch,0,15.142291556434706,8.330676115103456,6.81161544133125
bandwidth_sensitivity,mixed5,0.2,1.0,4.0,MinCut+RMatch,1,15.683734425514071,8.872118984182821,6.81161544133125
bandwidth_sensitivity,mixed5,0.2,1.0,4.0,MinCut+RMatch,2,15.117357429958517,8.305741988627267,6.81161544133125
bandwidth_sensitivity,mixed5,0.2,1.0,4.0,MinCut+RMatch,3,15.117357429958517,8.305741988627267,6.81161544133125
bandwidth_sensitivity,mixed5,0.2,1.0,4.0,MinCut+RMatch,4,15.870173294314073,9.05855785298282,6.81161544133125
bandwidth_sensitivity,mixed5,0.2,1.0,4.0,MinCut+RMatch,5,15.645049289514073,8.833433848182821,6.81161544133125
bandwidth_sensitivity,mixed5,0.2,1.0,4.0,MinCut+RMatch,6,15.85562838720296,9.04401294587171,6.81161544133125
bandwidth_sensitivity,mixed5,0.2,1.0,4.0,MinCut+RMatch,7,16.047862516545816,9.236247075214568,6.81161544133125
bandwidth_sensitivity,mixed5,0.2,1.0,4.0,MinCut+RMatch,8,15.94932295751407,9.137707516182822,6.81161544133125
bandwidth_sensitivity,mixed5,0.2,1.0,4.0,MinCut+RMatch,9,15.505093746717247,8.693478305385998,6.81161544133125
bandwidth_sensitivity,mixed5,0.2,1.0,4.0,MinCut+RMatch,10,15.16485788576804,8.35324244443679,6.81161544133125
bandwidth_sensitivity,mixed5,0.2,1.0,4.0,MinCut+RMatch,11,15.577278071101372,8.765662629770123,6.81161544133125
bandwidth_sensitivity,mixed5,0.2,1.0,4.0,MinCut+RMatch,12,15.652834960028356,8.841219518697107,6.81161544133125
bandwidth_sensitivity,mixed5,0.2,1.0,4.0,MinCut+RMatch,13,15.652834960028356,8.841219518697107,6.81161544133125
bandwidth_sensitivity,mixed5,0.2,1.0,4.0,MinCut+RMatch,14,15.236801043225185,8.425185601893933,6.81161544133125
bandwidth_sensitivity,mixed5,0.2,1.0,4.0,MinCut+RMatch,15,15.16485788576804,8.35324244443679,6.81161544133125
bandwidth_sensitivity,mixed5,0.2,1.0,4.0,MinCut+RMatch,16,15.105015982225183,8.293400540893932,6.81161544133125
bandwidth_sensitivity,mixed5,0.2,1.0,4.0,MinCut+RMatch,17,15.466396091228354,8.654780649897107,6.81161544133125
bandwidth_sensitivity,mixed5,0.2,1.0,4.0,MinCut+RMatch,18,15.91637114062518,9.104755699293932,6.81161544133125
bandwidth_sensitivity,mixed5,0.2,1.0,4.0,MinCut+RMatch,19,15.468674812345817,8.657059371014567,6.81161544133125
bandwidth_sensitivity,mixed5,0.2,1.0,4.0,MinCut+RMatch,20,15.187868323558515,8.376252882227266,6.81161544133125
bandwidth_sensitivity,mixed5,0.2,1.0,4.0,MinCut+RMatch,21,15.674894589260104,8.863279147928854,6.81161544133125
bandwidth_sensitivity,mixed5,0.2,1.0,4.0,MinCut+RMatch,22,15.351124417006133,8.539508975674885,6.81161544133125
bandwidth_sensitivity,mixed5,0.2,1.0,4.0,MinCut+RMatch,23,15.611803787545817,8.800188346214567,6.81161544133125
bandwidth_sensitivity,mixed5,0.2,1.0,4.0,MinCut+RMatch,24,15.505093746717247,8.693478305385998,6.81161544133125
bandwidth_sensitivity,mixed5,0.2,1.0,4.0,MinCut+RMatch,25,15.870173294314073,9.05855785298282,6.81161544133125
bandwidth_sensitivity,mixed5,0.2,1.0,4.0,MinCut+RMatch,26,15.62286324325058,8.811247801919329,6.81161544133125
bandwidth_sensitivity,mixed5,0.2,1.0,4.0,MinCut+RMatch,27,15.369997349425182,8.558381908093931,6.81161544133125
bandwidth_sensitivity,mixed5,0.2,1.0,4.0,MinCut+RMatch,28,15.85562838720296,9.04401294587171,6.81161544133125
bandwidth_sensitivity,mixed5,0.2,1.0,4.0,MinCut+RMatch,29,15.62286324325058,8.811247801919329,6.81161544133125
bandwidth_sensitivity,mixed5,0.2,1.0,4.0,Rpartition+RMatch,0,101.31323890565844,34.979407358839715,66.33383154681873
bandwidth_sensitivity,mixed5,0.2,1.0,4.0,Rpartition+RMatch,1,62.354435300762205,27.61747763745595,34.73695766330626
bandwidth_sensitivity,mixed5,0.2,1.0,4.0,Rpartition+RMatch,2,81.60589675415449,31.08374536683261,50.52215138732187
bandwidth_sensitivity,mixed5,0.2,1.0,4.0,Rpartition+RMatch,3,78.10573618965299,30.027525505315477,48.078210684337506
bandwidth_sensitivity,mixed5,0.2,1.0,4.0,Rpartition+RMatch,4,96.51655720654965,33.80802732853092,62.70852987801873
bandwidth_sensitivity,mixed5,0.2,1.0,4.0,Rpartition+RMatch,5,92.97590668341527,32.50640719356533,60.46949948984994
bandwidth_sensitivity,mixed5,0.2,1.0,4.0,Rpartition+RMatch,6,64.4334011653685,29.21474275330599,35.2186584120625
bandwidth_sensitivity,mixed5,0.2,1.0,4.0,Rpartition+RMatch,7,55.35638713314502,21.599794061388774,33.75659307175625
bandwidth_sensitivity,mixed5,0.2,1.0,4.0,Rpartition+RMatch,8,72.13954163908855,26.171979669444816,45.96756196964374
bandwidth_sensitivity,mixed5,0.2,1.0,4.0,Rpartition+RMatch,9,83.6037752925912,29.57508523755371,54.02869005503748
bandwidth_sensitivity,mixed5,0.2,1.0,4.0,Rpartition+RMatch,10,56.46361613912089,23.07142086367714,33.39219527544375
bandwidth_sensitivity,mixed5,0.2,1.0,4.0,Rpartition+RMatch,11,77.54621714868617,30.22753904454867,47.3186781041375
bandwidth_sensitivity,mixed5,0.2,1.0,4.0,Rpartition+RMatch,12,100.40303606148841,34.96929858611343,65.43373747537498
bandwidth_sensitivity,mixed5,0.2,1.0,4.0,Rpartition+RMatch,13,98.62264984213893,34.12107060426394,64.50157923787498
bandwidth_sensitivity,mixed5,0.2,1.0,4.0,Rpartition+RMatch,14,87.0188425532672,31.304977466160988,55.71386508710623
bandwidth_sensitivity,mixed5,0.2,1.0,4.0,Rpartition+RMatch,15,56.821527278352214,24.993636745858456,31.827890532493754
bandwidth_sensitivity,mixed5,0.2,1.0,4.0,Rpartition+RMatch,16,81.50024419271799,29.699359865755486,51.8008843269625
bandwidth_sensitivity,mixed5,0.2,1.0,4.0,Rpartition+RMatch,17,64.15319960094797,24.486479063876107,39.66672053707186
bandwidth_sensitivity,mixed5,0.2,1.0,4.0,Rpartition+RMatch,18,63.043917423994195,25.013461417950445,38.03045600604375
bandwidth_sensitivity,mixed5,0.2,1.0,4.0,Rpartition+RMatch,19,63.30527895966489,25.593116016521147,37.71216294314374
bandwidth_sensitivity,mixed5,0.2,1.0,4.0,Rpartition+RMatch,20,92.6565224640099,31.719928653372456,60.93659381063745
bandwidth_sensitivity,mixed5,0.2,1.0,4.0,Rpartition+RMatch,21,98.22257272016937,34.602943772044384,63.61962894812498
bandwidth_sensitivity,mixed5,0.2,1.0,4.0,Rpartition+RMatch,22,79.34191128375993,30.463885199309942,48.87802608445
bandwidth_sensitivity,mixed5,0.2,1.0,4.0,Rpartition+RMatch,23,84.05386889959863,31.36568649094861,52.68818240865
bandwidth_sensitivity,mixed5,0.2,1.0,4.0,Rpartition+RMatch,24,99.91641261086141,34.81470246451768,65.10171014634372
bandwidth_sensitivity,mixed5,0.2,1.0,4.0,Rpartition+RMatch,25,92.70732539175175,32.74501696099863,59.96230843075311
bandwidth_sensitivity,mixed5,0.2,1.0,4.0,Rpartition+RMatch,26,69.1141663475621,27.99903099648087,41.115135351081236
bandwidth_sensitivity,mixed5,0.2,1.0,4.0,Rpartition+RMatch,27,66.5250683777676,25.811814925986354,40.71325345178124
bandwidth_sensitivity,mixed5,0.2,1.0,4.0,Rpartition+RMatch,28,71.47140204263613,27.126290072323663,44.34511197031247
bandwidth_sensitivity,mixed5,0.2,1.0,4.0,Rpartition+RMatch,29,59.85504611437771,28.227439399596463,31.62760671478125
bandwidth_sensitivity,mixed5,0.5,1.0,4.0,MinCut+RMatch,0,8.209398107501968,4.976579052889468,3.2328190546125
bandwidth_sensitivity,mixed5,0.5,1.0,4.0,MinCut+RMatch,1,8.030275550121015,4.797456495508516,3.2328190546125
bandwidth_sensitivity,mixed5,0.5,1.0,4.0,MinCut+RMatch,2,8.020021327311493,4.787202272698993,3.2328190546125
bandwidth_sensitivity,mixed5,0.5,1.0,4.0,MinCut+RMatch,3,8.75877836718768,5.525959312575182,3.2328190546125
bandwidth_sensitivity,mixed5,0.5,1.0,4.0,MinCut+RMatch,4,8.480697279479745,5.247878224867246,3.2328190546125
bandwidth_sensitivity,mixed5,0.5,1.0,4.0,MinCut+RMatch,5,7.947423208787683,4.714604154175182,3.2328190546125
bandwidth_sensitivity,mixed5,0.5,1.0,4.0,MinCut+RMatch,6,8.237166364901967,5.004347310289468,3.2328190546125
bandwidth_sensitivity,mixed5,0.5,1.0,4.0,MinCut+RMatch,7,8.079208269787683,4.846389215175184,3.2328190546125
bandwidth_sensitivity,mixed5,0.5,1.0,4.0,MinCut+RMatch,8,8.090117453663872,4.857298399051373,3.2328190546125
bandwidth_sensitivity,mixed5,0.5,1.0,4.0,MinCut+RMatch,9,8.106976527187683,4.874157472575184,3.2328190546125
bandwidth_sensitivity,mixed5,0.5,1.0,4.0,MinCut+RMatch,10,8.918372975187683,5.685553920575183,3.2328190546125
bandwidth_sensitivity,mixed5,0.5,1.0,4.0,MinCut+RMatch,11,8.465270469813078,5.232451415200579,3.2328190546125
bandwidth_sensitivity,mixed5,0.5,1.0,4.0,MinCut+RMatch,12,8.859186032711492,5.626366978098992,3.2328190546125
bandwidth_sensitivity,mixed5,0.5,1.0,4.0,MinCut+RMatch,13,8.193531643568635,4.9607125889561345,3.2328190546125
bandwidth_sensitivity,mixed5,0.5,1.0,4.0,MinCut+RMatch,14,8.00415486337816,4.771335808765659,3.2328190546125
bandwidth_sensitivity,mixed5,0.5,1.0,4.0,MinCut+RMatch,15,8.302266719098792,5.069447664486294,3.2328190546125
bandwidth_sensitivity,mixed5,0.5,1.0,4.0,MinCut+RMatch,16,8.237166364901967,5.004347310289468,3.2328190546125
bandwidth_sensitivity,mixed5,0.5,1.0,4.0,MinCut+RMatch,17,8.237166364901967,5.004347310289468,3.2328190546125
bandwidth_sensitivity,mixed5,0.5,1.0,4.0,MinCut+RMatch,18,8.13905017333054,4.906231118718041,3.2328190546125
bandwidth_sensitivity,mixed5,0.5,1.0,4.0,MinCut+RMatch,19,8.454545988787682,5.221726934175182,3.2328190546125
bandwidth_sensitivity,mixed5,0.5,1.0,4.0,MinCut+RMatch,20,8.238899492076573,5.006080437464073,3.2328190546125
bandwidth_sensitivity,mixed5,0.5,1.0,4.0,MinCut+RMatch,21,8.00726511233054,4.774446057718039,3.2328190546125
bandwidth_sensitivity,mixed5,0.5,1.0,4.0,MinCut+RMatch,22,8.253326461168633,5.020507406556135,3.2328190546125
bandwidth_sensitivity,mixed5,0.5,1.0,4.0,MinCut+RMatch,23,8.723958965663872,5.491139911051372,3.2328190546125
bandwidth_sensitivity,mixed5,0.5,1.0,4.0,MinCut+RMatch,24,8.277584628076573,5.044765573464073,3.2328190546125
bandwidth_sensitivity,mixed5,0.5,1.0,4.0,MinCut+RMatch,25,8.202278878933715,4.969459824321215,3.2328190546125
bandwidth_sensitivity,mixed5,0.5,1.0,4.0,MinCut+RMatch,26,8.806148674155937,5.573329619543436,3.2328190546125
bandwidth_sensitivity,mixed5,0.5,1.0,4.0,MinCut+RMatch,27,8.517301815822604,5.2844827612101035,3.2328190546125
bandwidth_sensitivity,mixed5,0.5,1.0,4.0,MinCut+RMatch,28,8.184497222565462,4.951678167952961,3.2328190546125
bandwidth_sensitivity,mixed5,0.5,1.0,4.0,MinCut+RMatch,29,8.454211014108317,5.221391959495817,3.2328190546125
bandwidth_sensitivity,mixed5,0.5,1.0,4.0,Rpartition+RMatch,0,85.04686114814737,29.882319126809847,55.1645420213375
bandwidth_sensitivity,mixed5,0.5,1.0,4.0,Rpartition+RMatch,1,98.3345846896379,33.285616877262925,65.04896781237498
bandwidth_sensitivity,mixed5,0.5,1.0,4.0,Rpartition+RMatch,2,66.00086926720726,21.95490529583232,44.045963971374945
bandwidth_sensitivity,mixed5,0.5,1.0,4.0,Rpartition+RMatch,3,47.60058668097211,17.9859373984596,29.614649282512502
bandwidth_sensitivity,mixed5,0.5,1.0,4.0,Rpartition+RMatch,4,51.40274206874532,20.010037916507827,31.392704152237492
bandwidth_sensitivity,mixed5,0.5,1.0,4.0,Rpartition+RMatch,5,70.76625750619151,24.535732944891535,46.23052456129998
bandwidth_sensitivity,mixed5,0.5,1.0,4.0,Rpartition+RMatch,6,41.818615457648676,15.726847524448685,26.091767933199996
bandwidth_sensitivity,mixed5,0.5,1.0,4.0,Rpartition+RMatch,7,93.04726247013043,31.77304236734296,61.274220102787474
bandwidth_sensitivity,mixed5,0.5,1.0,4.0,Rpartition+RMatch,8,47.236681119781,18.380188114031004,28.85649300574999
bandwidth_sensitivity,mixed5,0.5,1.0,4.0,Rpartition+RMatch,9,67.87330791825515,24.321794927967645,43.5515129902875
bandwidth_sensitivity,mixed5,0.5,1.0,4.0,Rpartition+RMatch,10,73.49368048130256,26.773001952327576,46.720678528974986
bandwidth_sensitivity,mixed5,0.5,1.0,4.0,Rpartition+RMatch,11,36.122323792568466,15.559361884287222,20.56296190828125
bandwidth_sensitivity,mixed5,0.5,1.0,4.0,Rpartition+RMatch,12,47.464507444384125,17.007283257296642,30.457224187087487
bandwidth_sensitivity,mixed5,0.5,1.0,4.0,Rpartition+RMatch,13,81.96102957136819,29.803413787686935,52.15761578368125
bandwidth_sensitivity,mixed5,0.5,1.0,4.0,Rpartition+RMatch,14,72.66067174982922,26.365904544897965,46.29476720493124
bandwidth_sensitivity,mixed5,0.5,1.0,4.0,Rpartition+RMatch,15,59.45045145416903,21.14551731910656,38.30493413506247
bandwidth_sensitivity,mixed5,0.5,1.0,4.0,Rpartition+RMatch,16,79.27053235098289,29.807892603482887,49.462639747500006
bandwidth_sensitivity,mixed5,0.5,1.0,4.0,Rpartition+RMatch,17,65.84063041420906,22.621603458009123,43.21902695619994
bandwidth_sensitivity,mixed5,0.5,1.0,4.0,Rpartition+RMatch,18,34.617932537296845,15.461494532759346,19.1564380045375
bandwidth_sensitivity,mixed5,0.5,1.0,4.0,Rpartition+RMatch,19,57.08781237677462,22.012910670687127,35.0749017060875
bandwidth_sensitivity,mixed5,0.5,1.0,4.0,Rpartition+RMatch,20,62.37174848749778,22.867231622335282,39.50451686516249
bandwidth_sensitivity,mixed5,0.5,1.0,4.0,Rpartition+RMatch,21,23.98226815927293,10.421799795672928,13.560468363600002
bandwidth_sensitivity,mixed5,0.5,1.0,4.0,Rpartition+RMatch,22,52.46259801309398,18.98473980129399,33.47785821179999
bandwidth_sensitivity,mixed5,0.5,1.0,4.0,Rpartition+RMatch,23,97.31798587660218,33.183409698483445,64.13457617811873
bandwidth_sensitivity,mixed5,0.5,1.0,4.0,Rpartition+RMatch,24,33.412325751457374,14.585711003194879,18.826614748262497
bandwidth_sensitivity,mixed5,0.5,1.0,4.0,Rpartition+RMatch,25,78.7293086222526,28.249992938002585,50.479315684250004
bandwidth_sensitivity,mixed5,0.5,1.0,4.0,Rpartition+RMatch,26,82.31615619844649,29.074680603696514,53.241475594749986
bandwidth_sensitivity,mixed5,0.5,1.0,4.0,Rpartition+RMatch,27,64.51362749754146,24.14444367569147,40.369183821849994
bandwidth_sensitivity,mixed5,0.5,1.0,4.0,Rpartition+RMatch,28,49.60050833434728,18.89703622483478,30.703472109512507
bandwidth_sensitivity,mixed5,0.5,1.0,4.0,Rpartition+RMatch,29,79.25917547264348,27.788725081743486,51.47045039089999
bandwidth_sensitivity,mixed5,1,1.0,4.0,MinCut+RMatch,0,5.5988345251847065,3.5589475994784565,2.0398869257062504
bandwidth_sensitivity,mixed5,1,1.0,4.0,MinCut+RMatch,1,5.989404972867247,3.9495180471609967,2.0398869257062504
bandwidth_sensitivity,mixed5,1,1.0,4.0,MinCut+RMatch,2,6.0794062120005785,4.039519286294329,2.0398869257062504
bandwidth_sensitivity,mixed5,1,1.0,4.0,MinCut+RMatch,3,5.853035234264073,3.813148308557822,2.0398869257062504
bandwidth_sensitivity,mixed5,1,1.0,4.0,MinCut+RMatch,4,5.974582089730738,3.934695164024488,2.0398869257062504
bandwidth_sensitivity,mixed5,1,1.0,4.0,MinCut+RMatch,5,6.3729141093751815,4.333027183668932,2.0398869257062504
bandwidth_sensitivity,mixed5,1,1.0,4.0,MinCut+RMatch,6,5.573900398708516,3.534013473002266,2.0398869257062504
bandwidth_sensitivity,mixed5,1,1.0,4.0,MinCut+RMatch,7,5.561558950975183,3.521672025268933,2.0398869257062504
bandwidth_sensitivity,mixed5,1,1.0,4.0,MinCut+RMatch,8,5.873868436422801,3.833981510716551,2.0398869257062504
bandwidth_sensitivity,mixed5,1,1.0,4.0,MinCut+RMatch,9,6.140277394264071,4.100390468557821,2.0398869257062504
bandwidth_sensitivity,mixed5,1,1.0,4.0,MinCut+RMatch,10,5.634157069498993,3.594270143792743,2.0398869257062504
bandwidth_sensitivity,mixed5,1,1.0,4.0,MinCut+RMatch,11,5.891720370264073,3.8518334445578226,2.0398869257062504
bandwidth_sensitivity,mixed5,1,1.0,4.0,MinCut+RMatch,12,6.356795302708515,4.316908377002266,2.0398869257062504
bandwidth_sensitivity,mixed5,1,1.0,4.0,MinCut+RMatch,13,5.858441626756134,3.818554701049884,2.0398869257062504
bandwidth_sensitivity,mixed5,1,1.0,4.0,MinCut+RMatch,14,5.891720370264073,3.8518334445578226,2.0398869257062504
bandwidth_sensitivity,mixed5,1,1.0,4.0,MinCut+RMatch,15,6.513808122518039,4.47392119681179,2.0398869257062504
bandwidth_sensitivity,mixed5,1,1.0,4.0,MinCut+RMatch,16,5.836047634984706,3.796160709278457,2.0398869257062504
bandwidth_sensitivity,mixed5,1,1.0,4.0,MinCut+RMatch,17,6.366302619518039,4.326415693811789,2.0398869257062504
bandwidth_sensitivity,mixed5,1,1.0,4.0,MinCut+RMatch,18,6.435711226010103,4.395824300303853,2.0398869257062504
bandwidth_sensitivity,mixed5,1,1.0,4.0,MinCut+RMatch,19,5.660530098975182,3.6206431732689324,2.0398869257062504
bandwidth_sensitivity,mixed5,1,1.0,4.0,MinCut+RMatch,20,6.049581851089469,4.009694925383219,2.0398869257062504
bandwidth_sensitivity,mixed5,1,1.0,4.0,MinCut+RMatch,21,5.925217781095817,3.885330855389568,2.0398869257062504
bandwidth_sensitivity,mixed5,1,1.0,4.0,MinCut+RMatch,22,6.049581851089469,4.009694925383219,2.0398869257062504
bandwidth_sensitivity,mixed5,1,1.0,4.0,MinCut+RMatch,23,6.132443570556134,4.092556644849885,2.0398869257062504
bandwidth_sensitivity,mixed5,1,1.0,4.0,MinCut+RMatch,24,6.04718998875296,4.0073030630467095,2.0398869257062504
bandwidth_sensitivity,mixed5,1,1.0,4.0,MinCut+RMatch,25,5.962828329984706,3.9229414042784567,2.0398869257062504
bandwidth_sensitivity,mixed5,1,1.0,4.0,MinCut+RMatch,26,6.1459824651212145,4.106095539414965,2.0398869257062504
bandwidth_sensitivity,mixed5,1,1.0,4.0,MinCut+RMatch,27,5.961636715467247,3.9217497897609968,2.0398869257062504
bandwidth_sensitivity,mixed5,1,1.0,4.0,MinCut+RMatch,28,6.049581851089469,4.009694925383219,2.0398869257062504
bandwidth_sensitivity,mixed5,1,1.0,4.0,MinCut+RMatch,29,5.7938482917878815,3.753961366081631,2.0398869257062504
bandwidth_sensitivity,mixed5,1,1.0,4.0,Rpartition+RMatch,0,53.307625589126815,18.60497669465182,34.702648894475
bandwidth_sensitivity,mixed5,1,1.0,4.0,Rpartition+RMatch,1,59.363673339239675,20.487300694702192,38.87637264453748
bandwidth_sensitivity,mixed5,1,1.0,4.0,Rpartition+RMatch,2,103.04843826153828,34.58341661758211,68.46502164395618
bandwidth_sensitivity,mixed5,1,1.0,4.0,Rpartition+RMatch,3,79.96048308812955,27.194731777842087,52.76575131028746
bandwidth_sensitivity,mixed5,1,1.0,4.0,Rpartition+RMatch,4,97.80205940741669,32.90781435271048,64.89424505470622
bandwidth_sensitivity,mixed5,1,1.0,4.0,Rpartition+RMatch,5,44.70254953104576,15.914273158462954,28.78827637258281
bandwidth_sensitivity,mixed5,1,1.0,4.0,Rpartition+RMatch,6,65.16444485438691,23.32101699698692,41.84342785739999
bandwidth_sensitivity,mixed5,1,1.0,4.0,Rpartition+RMatch,7,61.74163581237601,21.838793256132263,39.90284255624375
bandwidth_sensitivity,mixed5,1,1.0,4.0,Rpartition+RMatch,8,94.73967803131674,32.180055990916784,62.55962204039997
bandwidth_sensitivity,mixed5,1,1.0,4.0,Rpartition+RMatch,9,87.58081940205845,30.122345078111575,57.45847432394688
bandwidth_sensitivity,mixed5,1,1.0,4.0,Rpartition+RMatch,10,34.256571292303306,13.654830960178302,20.601740332125004
bandwidth_sensitivity,mixed5,1,1.0,4.0,Rpartition+RMatch,11,59.90520509920826,19.999401428883324,39.90580367032493
bandwidth_sensitivity,mixed5,1,1.0,4.0,Rpartition+RMatch,12,72.73585124498138,25.64378205690637,47.092069188074994
bandwidth_sensitivity,mixed5,1,1.0,4.0,Rpartition+RMatch,13,58.53011363913439,20.36004499480945,38.17006864432494
bandwidth_sensitivity,mixed5,1,1.0,4.0,Rpartition+RMatch,14,77.37989692484877,27.868611264233145,49.511285660615634
bandwidth_sensitivity,mixed5,1,1.0,4.0,Rpartition+RMatch,15,76.77561979791504,26.955905059886913,49.81971473802813
bandwidth_sensitivity,mixed5,1,1.0,4.0,Rpartition+RMatch,16,67.15660093889704,22.139981016003322,45.016619922893724
bandwidth_sensitivity,mixed5,1,1.0,4.0,Rpartition+RMatch,17,84.77518795968794,29.610846747187935,55.164341212500005
bandwidth_sensitivity,mixed5,1,1.0,4.0,Rpartition+RMatch,18,104.43548854870133,34.67008885078887,69.76539969791244
bandwidth_sensitivity,mixed5,1,1.0,4.0,Rpartition+RMatch,19,104.09843282391955,34.88664896756336,69.2117838563562
bandwidth_sensitivity,mixed5,1,1.0,4.0,Rpartition+RMatch,20,56.573340793639304,19.27751253112683,37.29582826251247
bandwidth_sensitivity,mixed5,1,1.0,4.0,Rpartition+RMatch,21,32.8070312892786,12.879342985075477,19.927688304203123
bandwidth_sensitivity,mixed5,1,1.0,4.0,Rpartition+RMatch,22,48.87905384031633,17.38004734785697,31.49900649245936
bandwidth_sensitivity,mixed5,1,1.0,4.0,Rpartition+RMatch,23,78.32811675642904,28.16684684421029,50.161269912218756
bandwidth_sensitivity,mixed5,1,1.0,4.0,Rpartition+RMatch,24,62.83940234217366,23.000814276492413,39.83858806568125
bandwidth_sensitivity,mixed5,1,1.0,4.0,Rpartition+RMatch,25,35.86624995646963,13.751616755438377,22.114633201031253
bandwidth_sensitivity,mixed5,1,1.0,4.0,Rpartition+RMatch,26,86.31664067013422,29.485995252056096,56.83064541807812
bandwidth_sensitivity,mixed5,1,1.0,4.0,Rpartition+RMatch,27,53.94911087378039,17.731476318330422,36.21763455544997
bandwidth_sensitivity,mixed5,1,1.0,4.0,Rpartition+RMatch,28,47.11408140891459,16.661361519027093,30.452719889887497
bandwidth_sensitivity,mixed5,1,1.0,4.0,Rpartition+RMatch,29,89.36605228979246,30.71360975006748,58.652442539725
bandwidth_sensitivity,mixed5,2,1.0,4.0,MinCut+RMatch,0,5.023318883580043,3.776929276326918,1.246389607253125
bandwidth_sensitivity,mixed5,2,1.0,4.0,MinCut+RMatch,1,4.728195510068932,3.4818059028158075,1.246389607253125
bandwidth_sensitivity,mixed5,2,1.0,4.0,MinCut+RMatch,2,4.383908130703854,3.137518523450728,1.246389607253125
bandwidth_sensitivity,mixed5,2,1.0,4.0,MinCut+RMatch,3,4.801581590738774,3.5551919834856487,1.246389607253125
bandwidth_sensitivity,mixed5,2,1.0,4.0,MinCut+RMatch,4,4.582452839072107,3.336063231818982,1.246389607253125
bandwidth_sensitivity,mixed5,2,1.0,4.0,MinCut+RMatch,5,4.481793495389568,3.2354038881364433,1.246389607253125
bandwidth_sensitivity,mixed5,2,1.0,4.0,MinCut+RMatch,6,4.322506241992743,3.076116634739618,1.246389607253125
bandwidth_sensitivity,mixed5,2,1.0,4.0,MinCut+RMatch,7,4.97895825361179,3.7325686463586645,1.246389607253125
bandwidth_sensitivity,mixed5,2,1.0,4.0,MinCut+RMatch,8,5.17581188561179,3.9294222783586648,1.246389607253125
bandwidth_sensitivity,mixed5,2,1.0,4.0,MinCut+RMatch,9,4.752804599516551,3.506414992263426,1.246389607253125
bandwidth_sensitivity,mixed5,2,1.0,4.0,MinCut+RMatch,10,4.345072571326076,3.0986829640729505,1.246389607253125
bandwidth_sensitivity,mixed5,2,1.0,4.0,MinCut+RMatch,11,4.997658848468932,3.7512692412158075,1.246389607253125
bandwidth_sensitivity,mixed5,2,1.0,4.0,MinCut+RMatch,12,4.2583483042784565,3.0119586970253316,1.246389607253125
bandwidth_sensitivity,mixed5,2,1.0,4.0,MinCut+RMatch,13,4.294737984592743,3.048348377339617,1.246389607253125
bandwidth_sensitivity,mixed5,2,1.0,4.0,MinCut+RMatch,14,4.727860535389568,3.4814709281364427,1.246389607253125
bandwidth_sensitivity,mixed5,2,1.0,4.0,MinCut+RMatch,15,4.7642502157038535,3.5178606084507287,1.246389607253125
bandwidth_sensitivity,mixed5,2,1.0,4.0,MinCut+RMatch,16,4.7498905551355985,3.503500947882474,1.246389607253125
bandwidth_sensitivity,mixed5,2,1.0,4.0,MinCut+RMatch,17,5.090267968659409,3.8438783614062837,1.246389607253125
bandwidth_sensitivity,mixed5,2,1.0,4.0,MinCut+RMatch,18,4.651408735960997,3.4050191287078717,1.246389607253125
bandwidth_sensitivity,mixed5,2,1.0,4.0,MinCut+RMatch,19,5.194512480468933,3.948122873215808,1.246389607253125
bandwidth_sensitivity,mixed5,2,1.0,4.0,MinCut+RMatch,20,5.023318883580043,3.776929276326918,1.246389607253125
bandwidth_sensitivity,mixed5,2,1.0,4.0,MinCut+RMatch,21,4.221072730068933,2.9746831228158075,1.246389607253125
bandwidth_sensitivity,mixed5,2,1.0,4.0,MinCut+RMatch,22,4.322506241992743,3.076116634739618,1.246389607253125
bandwidth_sensitivity,mixed5,2,1.0,4.0,MinCut+RMatch,23,4.481793495389568,3.2354038881364433,1.246389607253125
bandwidth_sensitivity,mixed5,2,1.0,4.0,MinCut+RMatch,24,5.139044959881631,3.8926553526285055,1.246389607253125
bandwidth_sensitivity,mixed5,2,1.0,4.0,MinCut+RMatch,25,4.633043115783218,3.386653508530094,1.246389607253125
bandwidth_sensitivity,mixed5,2,1.0,4.0,MinCut+RMatch,26,4.454429206881632,3.2080395996285063,1.246389607253125
bandwidth_sensitivity,mixed5,2,1.0,4.0,MinCut+RMatch,27,4.773652852926076,3.527263245672951,1.246389607253125
bandwidth_sensitivity,mixed5,2,1.0,4.0,MinCut+RMatch,28,4.7920184731038535,3.5456288658507287,1.246389607253125
bandwidth_sensitivity,mixed5,2,1.0,4.0,MinCut+RMatch,29,4.582452839072107,3.336063231818982,1.246389607253125
bandwidth_sensitivity,mixed5,2,1.0,4.0,Rpartition+RMatch,0,86.70156963652437,29.44087008090875,57.260699555615616
bandwidth_sensitivity,mixed5,2,1.0,4.0,Rpartition+RMatch,1,74.99936174444062,25.604366166187518,49.39499557825311
bandwidth_sensitivity,mixed5,2,1.0,4.0,Rpartition+RMatch,2,72.40247125464711,25.23897404400648,47.16349721064062
bandwidth_sensitivity,mixed5,2,1.0,4.0,Rpartition+RMatch,3,86.1318244530675,29.739695779614365,56.39212867345313
bandwidth_sensitivity,mixed5,2,1.0,4.0,Rpartition+RMatch,4,40.876331183852386,13.992984026005516,26.88334715784687
bandwidth_sensitivity,mixed5,2,1.0,4.0,Rpartition+RMatch,5,51.51842150090769,18.047196291548318,33.471225209359375
bandwidth_sensitivity,mixed5,2,1.0,4.0,Rpartition+RMatch,6,49.69897991468021,16.520329414992737,33.178650499687464
bandwidth_sensitivity,mixed5,2,1.0,4.0,Rpartition+RMatch,7,76.63575888585125,26.68407549652313,49.951683389328124
bandwidth_sensitivity,mixed5,2,1.0,4.0,Rpartition+RMatch,8,71.06422869118957,24.86511522474582,46.19911346644375
bandwidth_sensitivity,mixed5,2,1.0,4.0,Rpartition+RMatch,9,70.49474406151549,25.555570900820186,44.93917316069531
bandwidth_sensitivity,mixed5,2,1.0,4.0,Rpartition+RMatch,10,34.36747065232034,12.587145723804714,21.780324928515626
bandwidth_sensitivity,mixed5,2,1.0,4.0,Rpartition+RMatch,11,62.92385638790084,21.881358016971156,41.042498370929685
bandwidth_sensitivity,mixed5,2,1.0,4.0,Rpartition+RMatch,12,73.29371355661486,24.24236028565243,49.05135327096244
bandwidth_sensitivity,mixed5,2,1.0,4.0,Rpartition+RMatch,13,57.59809880155075,19.813517532847623,37.78458126870312
bandwidth_sensitivity,mixed5,2,1.0,4.0,Rpartition+RMatch,14,100.32021705917573,33.172770469825785,67.14744658934994
bandwidth_sensitivity,mixed5,2,1.0,4.0,Rpartition+RMatch,15,75.85480430085926,25.709980660384286,50.14482364047498
bandwidth_sensitivity,mixed5,2,1.0,4.0,Rpartition+RMatch,16,93.78948892714362,31.697493018690537,62.091995908453086
bandwidth_sensitivity,mixed5,2,1.0,4.0,Rpartition+RMatch,17,83.39430984715963,28.479040412519034,54.91526943464061
bandwidth_sensitivity,mixed5,2,1.0,4.0,Rpartition+RMatch,18,51.685132657313964,17.29772453791712,34.38740811939684
bandwidth_sensitivity,mixed5,2,1.0,4.0,Rpartition+RMatch,19,49.88438537908946,18.672184221873835,31.212201157215627
bandwidth_sensitivity,mixed5,2,1.0,4.0,Rpartition+RMatch,20,94.98621439864502,31.7203644673763,63.265849931268725
bandwidth_sensitivity,mixed5,2,1.0,4.0,Rpartition+RMatch,21,68.33169825115463,23.600246891637443,44.73145135951719
bandwidth_sensitivity,mixed5,2,1.0,4.0,Rpartition+RMatch,22,68.79489748687705,22.79327427778957,46.001623209087484
bandwidth_sensitivity,mixed5,2,1.0,4.0,Rpartition+RMatch,23,84.03965012019967,29.056833531537162,54.9828165886625
bandwidth_sensitivity,mixed5,2,1.0,4.0,Rpartition+RMatch,24,60.00178102302897,19.582767384318053,40.419013638710915
bandwidth_sensitivity,mixed5,2,1.0,4.0,Rpartition+RMatch,25,84.78095331686129,29.085202632722236,55.69575068413906
bandwidth_sensitivity,mixed5,2,1.0,4.0,Rpartition+RMatch,26,86.15671846405888,29.84838719787139,56.308331266187494
bandwidth_sensitivity,mixed5,2,1.0,4.0,Rpartition+RMatch,27,75.06292482977153,26.5473145726684,48.51561025710312
bandwidth_sensitivity,mixed5,2,1.0,4.0,Rpartition+RMatch,28,66.9802291194028,23.094131128840324,43.886097990562476
bandwidth_sensitivity,mixed5,2,1.0,4.0,Rpartition+RMatch,29,35.95996048948548,12.9002219583261,23.059738531159383
bandwidth_sensitivity,mixed5,3,1.0,4.0,MinCut+RMatch,0,4.461972500703645,3.5896412956015618,0.8723312051020833
bandwidth_sensitivity,mixed5,3,1.0,4.0,MinCut+RMatch,1,4.55531701814809,3.682985813046007,0.8723312051020833
bandwidth_sensitivity,mixed5,3,1.0,4.0,MinCut+RMatch,2,4.4851999108623755,3.6128687057602926,0.8723312051020833
bandwidth_sensitivity,mixed5,3,1.0,4.0,MinCut+RMatch,3,3.8906146510528514,3.0182834459507686,0.8723312051020833
bandwidth_sensitivity,mixed5,3,1.0,4.0,MinCut+RMatch,4,3.911345146808407,3.0390139417063238,0.8723312051020833
bandwidth_sensitivity,mixed5,3,1.0,4.0,MinCut+RMatch,5,3.8437474868750736,2.9714162817729903,0.8723312051020833
bandwidth_sensitivity,mixed5,3,1.0,4.0,MinCut+RMatch,6,3.650576052703646,2.7782448476015627,0.8723312051020833
bandwidth_sensitivity,mixed5,3,1.0,4.0,MinCut+RMatch,7,3.870701265148091,2.9983700600460077,0.8723312051020833
bandwidth_sensitivity,mixed5,3,1.0,4.0,MinCut+RMatch,8,4.163390617351265,3.291059412249182,0.8723312051020833
bandwidth_sensitivity,mixed5,3,1.0,4.0,MinCut+RMatch,9,4.0125482483195185,3.140217043217436,0.8723312051020833
bandwidth_sensitivity,mixed5,3,1.0,4.0,MinCut+RMatch,10,4.435615526227454,3.563284321125371,0.8723312051020833
bandwidth_sensitivity,mixed5,3,1.0,4.0,MinCut+RMatch,11,4.01326393378301,3.140932728680927,0.8723312051020833
bandwidth_sensitivity,mixed5,3,1.0,4.0,MinCut+RMatch,12,3.6663190494274556,2.7939878443253723,0.8723312051020833
bandwidth_sensitivity,mixed5,3,1.0,4.0,MinCut+RMatch,13,3.748341396094122,2.8760101909920386,0.8723312051020833
bandwidth_sensitivity,mixed5,3,1.0,4.0,MinCut+RMatch,14,4.188667069275073,3.3163358641729905,0.8723312051020833
bandwidth_sensitivity,mixed5,3,1.0,4.0,MinCut+RMatch,15,4.095611537605233,3.22328033250315,0.8723312051020833
bandwidth_sensitivity,mixed5,3,1.0,4.0,MinCut+RMatch,16,4.119000410494122,3.2466692053920383,0.8723312051020833
bandwidth_sensitivity,mixed5,3,1.0,4.0,MinCut+RMatch,17,3.878273203319518,3.005941998217435,0.8723312051020833
bandwidth_sensitivity,mixed5,3,1.0,4.0,MinCut+RMatch,18,3.8813409688941216,3.0090097637920383,0.8723312051020833
bandwidth_sensitivity,mixed5,3,1.0,4.0,MinCut+RMatch,19,3.6562678373512654,2.7839366322491816,0.8723312051020833
bandwidth_sensitivity,mixed5,3,1.0,4.0,MinCut+RMatch,20,3.9361901092369798,3.063858904134897,0.8723312051020833
bandwidth_sensitivity,mixed5,3,1.0,4.0,MinCut+RMatch,21,3.675134369236979,2.802803164134896,0.8723312051020833
bandwidth_sensitivity,mixed5,3,1.0,4.0,MinCut+RMatch,22,3.6242190782274557,2.751887873125372,0.8723312051020833
bandwidth_sensitivity,mixed5,3,1.0,4.0,MinCut+RMatch,23,4.423825642227454,3.551494437125371,0.8723312051020833
bandwidth_sensitivity,mixed5,3,1.0,4.0,MinCut+RMatch,24,4.0403165057195185,3.167985300617436,0.8723312051020833
bandwidth_sensitivity,mixed5,3,1.0,4.0,MinCut+RMatch,25,4.163390617351265,3.291059412249182,0.8723312051020833
bandwidth_sensitivity,mixed5,3,1.0,4.0,MinCut+RMatch,26,3.6869657330179315,2.8146345279158487,0.8723312051020833
bandwidth_sensitivity,mixed5,3,1.0,4.0,MinCut+RMatch,27,4.1631114434972964,3.2907802383952127,0.8723312051020833
bandwidth_sensitivity,mixed5,3,1.0,4.0,MinCut+RMatch,28,4.4172141523703115,3.544882947268228,0.8723312051020833
bandwidth_sensitivity,mixed5,3,1.0,4.0,MinCut+RMatch,29,3.6562678373512654,2.7839366322491816,0.8723312051020833
bandwidth_sensitivity,mixed5,3,1.0,4.0,Rpartition+RMatch,0,86.3326188397902,29.623079567854806,56.70953927193541
bandwidth_sensitivity,mixed5,3,1.0,4.0,Rpartition+RMatch,1,53.16879769326544,18.08921136010295,35.07958633316248
bandwidth_sensitivity,mixed5,3,1.0,4.0,Rpartition+RMatch,2,76.65182520637426,25.82004291584928,50.83178229052497
bandwidth_sensitivity,mixed5,3,1.0,4.0,Rpartition+RMatch,3,94.61321961461384,31.663894038411794,62.94932557620206
bandwidth_sensitivity,mixed5,3,1.0,4.0,Rpartition+RMatch,4,46.847716392405644,15.862973926539006,30.98474246586664
bandwidth_sensitivity,mixed5,3,1.0,4.0,Rpartition+RMatch,5,71.42834423283851,25.51281437639685,45.915529856441665
bandwidth_sensitivity,mixed5,3,1.0,4.0,Rpartition+RMatch,6,43.1739049151274,14.798527961095118,28.37537695403229
bandwidth_sensitivity,mixed5,3,1.0,4.0,Rpartition+RMatch,7,50.323215281696946,16.884860331290717,33.438354950406236
bandwidth_sensitivity,mixed5,3,1.0,4.0,Rpartition+RMatch,8,91.08794879121058,30.12154921013873,60.966399581071855
bandwidth_sensitivity,mixed5,3,1.0,4.0,Rpartition+RMatch,9,46.50283983813111,16.261605781666514,30.241234056464585
bandwidth_sensitivity,mixed5,3,1.0,4.0,Rpartition+RMatch,10,46.82596285982811,17.486445118301024,29.339517741527082
bandwidth_sensitivity,mixed5,3,1.0,4.0,Rpartition+RMatch,11,62.40677363953124,21.596753369583325,40.81002026994791
bandwidth_sensitivity,mixed5,3,1.0,4.0,Rpartition+RMatch,12,74.7164572775247,26.77257126655176,47.94388601097292
bandwidth_sensitivity,mixed5,3,1.0,4.0,Rpartition+RMatch,13,34.30156751053595,12.018593482003142,22.282974028532813
bandwidth_sensitivity,mixed5,3,1.0,4.0,Rpartition+RMatch,14,53.00691064424696,18.38607185238967,34.620838791857295
bandwidth_sensitivity,mixed5,3,1.0,4.0,Rpartition+RMatch,15,87.35922542609987,29.758124378979034,57.60110104712082
bandwidth_sensitivity,mixed5,3,1.0,4.0,Rpartition+RMatch,16,61.4016805126724,21.13050492776199,40.271175584910424
bandwidth_sensitivity,mixed5,3,1.0,4.0,Rpartition+RMatch,17,98.23140789421471,32.89082732662723,65.34058056758748
bandwidth_sensitivity,mixed5,3,1.0,4.0,Rpartition+RMatch,18,70.04859313503273,23.530746448243164,46.51784668678956
bandwidth_sensitivity,mixed5,3,1.0,4.0,Rpartition+RMatch,19,100.8091838591109,33.14008679467347,67.66909706443744
bandwidth_sensitivity,mixed5,3,1.0,4.0,Rpartition+RMatch,20,73.76137576074483,26.40639486647294,47.35498089427189
bandwidth_sensitivity,mixed5,3,1.0,4.0,Rpartition+RMatch,21,76.86764330449844,27.264937813520316,49.60270549097814
bandwidth_sensitivity,mixed5,3,1.0,4.0,Rpartition+RMatch,22,57.66801594718641,20.118912136461418,37.54910381072499
bandwidth_sensitivity,mixed5,3,1.0,4.0,Rpartition+RMatch,23,102.97537677328961,33.98583888532718,68.98953788796243
bandwidth_sensitivity,mixed5,3,1.0,4.0,Rpartition+RMatch,24,51.66650742768115,17.112854398335344,34.5536530293458
bandwidth_sensitivity,mixed5,3,1.0,4.0,Rpartition+RMatch,25,66.42648651112039,23.559081515551636,42.86740499556875
bandwidth_sensitivity,mixed5,3,1.0,4.0,Rpartition+RMatch,26,84.1353324353784,29.00935814246175,55.125974292916666
bandwidth_sensitivity,mixed5,3,1.0,4.0,Rpartition+RMatch,27,88.77816362865394,29.91240596991438,58.86575765873957
bandwidth_sensitivity,mixed5,3,1.0,4.0,Rpartition+RMatch,28,43.080313569374496,15.321147762955746,27.75916580641875
bandwidth_sensitivity,mixed5,3,1.0,4.0,Rpartition+RMatch,29,91.45654912325283,31.121629047731993,60.33492007552083
bandwidth_sensitivity,mixed5,4,1.0,4.0,MinCut+RMatch,0,4.180164505854191,3.545511589827629,0.6346529160265625
bandwidth_sensitivity,mixed5,4,1.0,4.0,MinCut+RMatch,1,3.975635831997048,3.340982915970486,0.6346529160265625
bandwidth_sensitivity,mixed5,4,1.0,4.0,MinCut+RMatch,2,3.3757925662859383,2.741139650259376,0.6346529160265625
bandwidth_sensitivity,mixed5,4,1.0,4.0,MinCut+RMatch,3,4.1724894639970485,3.537836547970486,0.6346529160265625
bandwidth_sensitivity,mixed5,4,1.0,4.0,MinCut+RMatch,4,3.4777282988573655,2.843075382830803,0.6346529160265625
bandwidth_sensitivity,mixed5,4,1.0,4.0,MinCut+RMatch,5,3.363325121343081,2.728672205316519,0.6346529160265625
bandwidth_sensitivity,mixed5,4,1.0,4.0,MinCut+RMatch,6,3.7623462886097467,3.127693372583184,0.6346529160265625
bandwidth_sensitivity,mixed5,4,1.0,4.0,MinCut+RMatch,7,3.492340629397049,2.857687713370487,0.6346529160265625
bandwidth_sensitivity,mixed5,4,1.0,4.0,MinCut+RMatch,8,4.078317739441492,3.4436648234149296,0.6346529160265625
bandwidth_sensitivity,mixed5,4,1.0,4.0,MinCut+RMatch,9,3.6490415862986354,3.0143886702720732,0.6346529160265625
bandwidth_sensitivity,mixed5,4,1.0,4.0,MinCut+RMatch,10,4.180164505854191,3.545511589827629,0.6346529160265625
bandwidth_sensitivity,mixed5,4,1.0,4.0,MinCut+RMatch,11,3.782765510679588,3.1481125946530253,0.6346529160265625
bandwidth_sensitivity,mixed5,4,1.0,4.0,MinCut+RMatch,12,3.4265818600859386,2.791928944059376,0.6346529160265625
bandwidth_sensitivity,mixed5,4,1.0,4.0,MinCut+RMatch,13,3.363325121343081,2.728672205316519,0.6346529160265625
bandwidth_sensitivity,mixed5,4,1.0,4.0,MinCut+RMatch,14,3.4908693390224457,2.8562164229958835,0.6346529160265625
bandwidth_sensitivity,mixed5,4,1.0,4.0,MinCut+RMatch,15,3.4892786092319694,2.8546256932054073,0.6346529160265625
bandwidth_sensitivity,mixed5,4,1.0,4.0,MinCut+RMatch,16,4.181894888774827,3.547241972748264,0.6346529160265625
bandwidth_sensitivity,mixed5,4,1.0,4.0,MinCut+RMatch,17,3.3757925662859383,2.741139650259376,0.6346529160265625
bandwidth_sensitivity,mixed5,4,1.0,4.0,MinCut+RMatch,18,3.6353970674414926,3.0007441514149304,0.6346529160265625
bandwidth_sensitivity,mixed5,4,1.0,4.0,MinCut+RMatch,19,4.195539407631969,3.5608864916054066,0.6346529160265625
bandwidth_sensitivity,mixed5,4,1.0,4.0,MinCut+RMatch,20,3.463401554057365,2.828748638030803,0.6346529160265625
bandwidth_sensitivity,mixed5,4,1.0,4.0,MinCut+RMatch,21,3.8627603256891128,3.2281074096625497,0.6346529160265625
bandwidth_sensitivity,mixed5,4,1.0,4.0,MinCut+RMatch,22,3.4265818600859386,2.791928944059376,0.6346529160265625
bandwidth_sensitivity,mixed5,4,1.0,4.0,MinCut+RMatch,23,3.4265818600859386,2.791928944059376,0.6346529160265625
bandwidth_sensitivity,mixed5,4,1.0,4.0,MinCut+RMatch,24,3.4669914310224454,2.8323385149958833,0.6346529160265625
bandwidth_sensitivity,mixed5,4,1.0,4.0,MinCut+RMatch,25,3.3757925662859383,2.741139650259376,0.6346529160265625
bandwidth_sensitivity,mixed5,4,1.0,4.0,MinCut+RMatch,26,4.034386598219269,3.399733682192707,0.6346529160265625
bandwidth_sensitivity,mixed5,4,1.0,4.0,MinCut+RMatch,27,4.008029623743079,3.3733767077165164,0.6346529160265625
bandwidth_sensitivity,mixed5,4,1.0,4.0,MinCut+RMatch,28,3.517118621409747,2.8824657053831846,0.6346529160265625
bandwidth_sensitivity,mixed5,4,1.0,4.0,MinCut+RMatch,29,4.120228879822445,3.485575963795882,0.6346529160265625
bandwidth_sensitivity,mixed5,4,1.0,4.0,Rpartition+RMatch,0,82.7970508602183,28.76415737697923,54.032893483239064
bandwidth_sensitivity,mixed5,4,1.0,4.0,Rpartition+RMatch,1,72.24286553388774,25.80783867929087,46.43502685459688
bandwidth_sensitivity,mixed5,4,1.0,4.0,Rpartition+RMatch,2,70.17528478918031,25.07573843840844,45.09954635077187
bandwidth_sensitivity,mixed5,4,1.0,4.0,Rpartition+RMatch,3,33.9699110167029,12.603906063656025,21.36600495304688
bandwidth_sensitivity,mixed5,4,1.0,4.0,Rpartition+RMatch,4,84.61815020344974,28.215627057312286,56.40252314613747
bandwidth_sensitivity,mixed5,4,1.0,4.0,Rpartition+RMatch,5,83.3666194330755,27.08422986590526,56.28238956717024
bandwidth_sensitivity,mixed5,4,1.0,4.0,Rpartition+RMatch,6,40.814498588068794,13.895378899661772,26.91911968840702
bandwidth_sensitivity,mixed5,4,1.0,4.0,Rpartition+RMatch,7,65.99028420682887,21.869152260878906,44.12113194594997
bandwidth_sensitivity,mixed5,4,1.0,4.0,Rpartition+RMatch,8,28.443250781269,11.510630801281495,16.932619979987503
bandwidth_sensitivity,mixed5,4,1.0,4.0,Rpartition+RMatch,9,39.444569099334274,14.04815034258037,25.396418756753906
bandwidth_sensitivity,mixed5,4,1.0,4.0,Rpartition+RMatch,10,51.52307063286677,18.424114267370282,33.09895636549649
bandwidth_sensitivity,mixed5,4,1.0,4.0,Rpartition+RMatch,11,78.7794039611477,27.25392864401175,51.525475317135935
bandwidth_sensitivity,mixed5,4,1.0,4.0,Rpartition+RMatch,12,88.58841391804438,30.09598015071004,58.49243376733436
bandwidth_sensitivity,mixed5,4,1.0,4.0,Rpartition+RMatch,13,77.77512477319044,25.47622999246545,52.29889478072498
bandwidth_sensitivity,mixed5,4,1.0,4.0,Rpartition+RMatch,14,51.22831060394381,16.68662632227044,34.541684281673376
bandwidth_sensitivity,mixed5,4,1.0,4.0,Rpartition+RMatch,15,62.975628546114145,21.621365582957893,41.35426296315625
bandwidth_sensitivity,mixed5,4,1.0,4.0,Rpartition+RMatch,16,91.07627722510273,30.414144766643403,60.66213245845933
bandwidth_sensitivity,mixed5,4,1.0,4.0,Rpartition+RMatch,17,77.61562318965288,26.82387885406694,50.79174433558593
bandwidth_sensitivity,mixed5,4,1.0,4.0,Rpartition+RMatch,18,43.70025374781487,16.302241679603924,27.398012068210942
bandwidth_sensitivity,mixed5,4,1.0,4.0,Rpartition+RMatch,19,80.66867372605122,27.582507929404354,53.08616579664686
bandwidth_sensitivity,mixed5,4,1.0,4.0,Rpartition+RMatch,20,72.15110248893241,25.52674548945115,46.62435699948125
bandwidth_sensitivity,mixed5,4,1.0,4.0,Rpartition+RMatch,21,40.120767055819094,14.26243621937574,25.858330836443358
bandwidth_sensitivity,mixed5,4,1.0,4.0,Rpartition+RMatch,22,54.33923399118139,17.722426255372042,36.61680773580934
bandwidth_sensitivity,mixed5,4,1.0,4.0,Rpartition+RMatch,23,21.783825368657176,8.378068386033739,13.405756982623439
bandwidth_sensitivity,mixed5,4,1.0,4.0,Rpartition+RMatch,24,26.542431376778502,10.132023295467562,16.41040808131094
bandwidth_sensitivity,mixed5,4,1.0,4.0,Rpartition+RMatch,25,85.5740773413651,29.042839997841668,56.53123734352343
bandwidth_sensitivity,mixed5,4,1.0,4.0,Rpartition+RMatch,26,97.76619533239275,32.71507366330529,65.05112166908745
bandwidth_sensitivity,mixed5,4,1.0,4.0,Rpartition+RMatch,27,65.91504865881245,23.554858794175736,42.36018986463672
bandwidth_sensitivity,mixed5,4,1.0,4.0,Rpartition+RMatch,28,32.237902008250316,12.417277986747193,19.820624021503125
bandwidth_sensitivity,mixed5,4,1.0,4.0,Rpartition+RMatch,29,94.3483944498061,31.867470647556107,62.48092380224999
bandwidth_sensitivity,mixed5,5,1.0,4.0,MinCut+RMatch,0,3.7766415017413437,3.259057067160094,0.51758443458125
bandwidth_sensitivity,mixed5,5,1.0,4.0,MinCut+RMatch,1,3.2470903423286455,2.7295059077473955,0.51758443458125
bandwidth_sensitivity,mixed5,5,1.0,4.0,MinCut+RMatch,2,3.289716041300073,2.7721316067188235,0.51758443458125
bandwidth_sensitivity,mixed5,5,1.0,4.0,MinCut+RMatch,3,3.548628547788962,3.0310441132077126,0.51758443458125
bandwidth_sensitivity,mixed5,5,1.0,4.0,MinCut+RMatch,4,3.85782529540801,3.3402408608267606,0.51758443458125
bandwidth_sensitivity,mixed5,5,1.0,4.0,MinCut+RMatch,5,3.353405016296899,2.835820581715649,0.51758443458125
bandwidth_sensitivity,mixed5,5,1.0,4.0,MinCut+RMatch,6,3.0606514735286456,2.5430670389473957,0.51758443458125
bandwidth_sensitivity,mixed5,5,1.0,4.0,MinCut+RMatch,7,3.5455988931984876,3.0280144586172377,0.51758443458125
bandwidth_sensitivity,mixed5,5,1.0,4.0,MinCut+RMatch,8,3.0380784540619787,2.5204940194807293,0.51758443458125
bandwidth_sensitivity,mixed5,5,1.0,4.0,MinCut+RMatch,9,3.4572775451191218,2.939693110537872,0.51758443458125
bandwidth_sensitivity,mixed5,5,1.0,4.0,MinCut+RMatch,10,3.374903130074677,2.8573186954934267,0.51758443458125
bandwidth_sensitivity,mixed5,5,1.0,4.0,MinCut+RMatch,11,3.7766415017413437,3.259057067160094,0.51758443458125
bandwidth_sensitivity,mixed5,5,1.0,4.0,MinCut+RMatch,12,3.2637903076111847,2.746205873029935,0.51758443458125
bandwidth_sensitivity,mixed5,5,1.0,4.0,MinCut+RMatch,13,3.011721479585788,2.494137045004538,0.51758443458125
bandwidth_sensitivity,mixed5,5,1.0,4.0,MinCut+RMatch,14,3.7738926608524546,3.2563082262712046,0.51758443458125
bandwidth_sensitivity,mixed5,5,1.0,4.0,MinCut+RMatch,15,3.117095469452456,2.599511034871206,0.51758443458125
bandwidth_sensitivity,mixed5,5,1.0,4.0,MinCut+RMatch,16,3.3621896789889627,2.844605244407713,0.51758443458125
bandwidth_sensitivity,mixed5,5,1.0,4.0,MinCut+RMatch,17,3.0606514735286456,2.5430670389473957,0.51758443458125
bandwidth_sensitivity,mixed5,5,1.0,4.0,MinCut+RMatch,18,3.353405016296899,2.835820581715649,0.51758443458125
bandwidth_sensitivity,mixed5,5,1.0,4.0,MinCut+RMatch,19,3.5768448221222955,3.059260387541046,0.51758443458125
bandwidth_sensitivity,mixed5,5,1.0,4.0,MinCut+RMatch,20,3.22926459116674,2.71168015658549,0.51758443458125
bandwidth_sensitivity,mixed5,5,1.0,4.0,MinCut+RMatch,21,3.2567323761318208,2.739147941550571,0.51758443458125
bandwidth_sensitivity,mixed5,5,1.0,4.0,MinCut+RMatch,22,3.800249635328645,3.282665200747395,0.51758443458125
bandwidth_sensitivity,mixed5,5,1.0,4.0,MinCut+RMatch,23,3.1924448971953137,2.6748604626140633,0.51758443458125
bandwidth_sensitivity,mixed5,5,1.0,4.0,MinCut+RMatch,24,3.011721479585788,2.494137045004538,0.51758443458125
bandwidth_sensitivity,mixed5,5,1.0,4.0,MinCut+RMatch,25,3.5153452150111844,2.9977607804299344,0.51758443458125
bandwidth_sensitivity,mixed5,5,1.0,4.0,MinCut+RMatch,26,3.85782529540801,3.3402408608267606,0.51758443458125
bandwidth_sensitivity,mixed5,5,1.0,4.0,MinCut+RMatch,27,3.106900980242932,2.589316545661682,0.51758443458125
bandwidth_sensitivity,mixed5,5,1.0,4.0,MinCut+RMatch,28,3.24359133596674,2.72600690138549,0.51758443458125
bandwidth_sensitivity,mixed5,5,1.0,4.0,MinCut+RMatch,29,3.443193808855631,2.92560937427438,0.51758443458125
bandwidth_sensitivity,mixed5,5,1.0,4.0,Rpartition+RMatch,0,59.94910948161465,20.844402734833395,39.10470674678125
bandwidth_sensitivity,mixed5,5,1.0,4.0,Rpartition+RMatch,1,81.594662150853,28.05093802666239,53.54372412419061
bandwidth_sensitivity,mixed5,5,1.0,4.0,Rpartition+RMatch,2,51.25714472400983,17.07471652525986,34.18242819874997
bandwidth_sensitivity,mixed5,5,1.0,4.0,Rpartition+RMatch,3,89.85705093504978,30.14646068742168,59.710590247628105
bandwidth_sensitivity,mixed5,5,1.0,4.0,Rpartition+RMatch,4,70.4394059555292,22.636376873113637,47.80302908241556
bandwidth_sensitivity,mixed5,5,1.0,4.0,Rpartition+RMatch,5,45.15495560192983,15.075696639004846,30.079258962924985
bandwidth_sensitivity,mixed5,5,1.0,4.0,Rpartition+RMatch,6,32.161862135962174,11.177323654437178,20.984538481525
bandwidth_sensitivity,mixed5,5,1.0,4.0,Rpartition+RMatch,7,92.18707200836081,30.82430515315772,61.362766855203105
bandwidth_sensitivity,mixed5,5,1.0,4.0,Rpartition+RMatch,8,55.93217950945883,18.83347973262447,37.09869977683436
bandwidth_sensitivity,mixed5,5,1.0,4.0,Rpartition+RMatch,9,85.67871841786055,28.695018724316814,56.98369969354373
bandwidth_sensitivity,mixed5,5,1.0,4.0,Rpartition+RMatch,10,58.152616458401795,20.063427160370555,38.08918929803124
bandwidth_sensitivity,mixed5,5,1.0,4.0,Rpartition+RMatch,11,62.76283842955846,21.566133565870956,41.19670486368749
bandwidth_sensitivity,mixed5,5,1.0,4.0,Rpartition+RMatch,12,91.22415365326432,30.582669086539337,60.64148456672498
bandwidth_sensitivity,mixed5,5,1.0,4.0,Rpartition+RMatch,13,67.89632958998168,23.620419428944192,44.275910161037494
bandwidth_sensitivity,mixed5,5,1.0,4.0,Rpartition+RMatch,14,77.83641147340147,25.639508644970256,52.19690282843122
bandwidth_sensitivity,mixed5,5,1.0,4.0,Rpartition+RMatch,15,102.68570095716264,33.979195086181434,68.7065058709812
bandwidth_sensitivity,mixed5,5,1.0,4.0,Rpartition+RMatch,16,41.857353485747076,14.455387038847093,27.401966446899987
bandwidth_sensitivity,mixed5,5,1.0,4.0,Rpartition+RMatch,17,27.7627766475197,10.113997755438449,17.64877889208125
bandwidth_sensitivity,mixed5,5,1.0,4.0,Rpartition+RMatch,18,80.62096813911128,27.998704544092544,52.62226359501875
bandwidth_sensitivity,mixed5,5,1.0,4.0,Rpartition+RMatch,19,64.12092130766086,21.56851814525464,42.552403162406236
bandwidth_sensitivity,mixed5,5,1.0,4.0,Rpartition+RMatch,20,68.88498125310223,24.56556125865222,44.31941999445
bandwidth_sensitivity,mixed5,5,1.0,4.0,Rpartition+RMatch,21,33.84726770462898,12.015310855853986,21.831956848774993
bandwidth_sensitivity,mixed5,5,1.0,4.0,Rpartition+RMatch,22,49.88656289592376,17.495620062861256,32.3909428330625
bandwidth_sensitivity,mixed5,5,1.0,4.0,Rpartition+RMatch,23,82.92278716606734,28.465519921473593,54.45726724459375
bandwidth_sensitivity,mixed5,5,1.0,4.0,Rpartition+RMatch,24,77.59258468031277,27.16885367601276,50.423731004299995
bandwidth_sensitivity,mixed5,5,1.0,4.0,Rpartition+RMatch,25,39.04283879715344,13.364960381372207,25.677878415781237
bandwidth_sensitivity,mixed5,5,1.0,4.0,Rpartition+RMatch,26,56.15833421987202,18.438764084917356,37.71957013495465
bandwidth_sensitivity,mixed5,5,1.0,4.0,Rpartition+RMatch,27,60.93556534513633,19.690089506636394,41.24547583849993
bandwidth_sensitivity,mixed5,5,1.0,4.0,Rpartition+RMatch,28,74.5453057174315,26.131533253781512,48.41377246364999
bandwidth_sensitivity,mixed5,5,1.0,4.0,Rpartition+RMatch,29,84.54898568986567,28.583559378265704,55.96542631159997
beta_sensitivity,mixed5,1.0,0,4.0,MinCut+RMatch,0,3.7765276954149645,3.7765276954149645,2.0398869257062504
beta_sensitivity,mixed5,1.0,0,4.0,MinCut+RMatch,1,4.298918442357821,4.298918442357821,2.0398869257062504
beta_sensitivity,mixed5,1.0,0,4.0,MinCut+RMatch,2,4.044708355145122,4.044708355145122,2.0398869257062504
beta_sensitivity,mixed5,1.0,0,4.0,MinCut+RMatch,3,4.27507557761179,4.27507557761179,2.0398869257062504
beta_sensitivity,mixed5,1.0,0,4.0,MinCut+RMatch,4,4.014837195272108,4.014837195272108,2.0398869257062504
beta_sensitivity,mixed5,1.0,0,4.0,MinCut+RMatch,5,4.345409921002265,4.345409921002265,2.0398869257062504
beta_sensitivity,mixed5,1.0,0,4.0,MinCut+RMatch,6,3.7765276954149645,3.7765276954149645,2.0398869257062504
beta_sensitivity,mixed5,1.0,0,4.0,MinCut+RMatch,7,4.316908377002266,4.316908377002266,2.0398869257062504
beta_sensitivity,mixed5,1.0,0,4.0,MinCut+RMatch,8,4.0637823749038535,4.0637823749038535,2.0398869257062504
beta_sensitivity,mixed5,1.0,0,4.0,MinCut+RMatch,9,4.073185012126076,4.073185012126076,2.0398869257062504
beta_sensitivity,mixed5,1.0,0,4.0,MinCut+RMatch,10,3.9185763573578214,3.9185763573578214,2.0398869257062504
beta_sensitivity,mixed5,1.0,0,4.0,MinCut+RMatch,11,4.433434849192742,4.433434849192742,2.0398869257062504
beta_sensitivity,mixed5,1.0,0,4.0,MinCut+RMatch,12,4.382097807224488,4.382097807224488,2.0398869257062504
beta_sensitivity,mixed5,1.0,0,4.0,MinCut+RMatch,13,3.759137477802266,3.759137477802266,2.0398869257062504
beta_sensitivity,mixed5,1.0,0,4.0,MinCut+RMatch,14,4.2656729403895675,4.2656729403895675,2.0398869257062504
beta_sensitivity,mixed5,1.0,0,4.0,MinCut+RMatch,15,3.758746039046711,3.758746039046711,2.0398869257062504
beta_sensitivity,mixed5,1.0,0,4.0,MinCut+RMatch,16,4.2656729403895675,4.2656729403895675,2.0398869257062504
beta_sensitivity,mixed5,1.0,0,4.0,MinCut+RMatch,17,3.5377908319355993,3.5377908319355993,2.0398869257062504
beta_sensitivity,mixed5,1.0,0,4.0,MinCut+RMatch,18,4.433434849192742,4.433434849192742,2.0398869257062504
beta_sensitivity,mixed5,1.0,0,4.0,MinCut+RMatch,19,4.298918442357821,4.298918442357821,2.0398869257062504
beta_sensitivity,mixed5,1.0,0,4.0,MinCut+RMatch,20,4.2656729403895675,4.2656729403895675,2.0398869257062504
beta_sensitivity,mixed5,1.0,0,4.0,MinCut+RMatch,21,4.345409921002265,4.345409921002265,2.0398869257062504
beta_sensitivity,mixed5,1.0,0,4.0,MinCut+RMatch,22,3.7712265828022655,3.7712265828022655,2.0398869257062504
beta_sensitivity,mixed5,1.0,0,4.0,MinCut+RMatch,23,4.3898001278594085,4.3898001278594085,2.0398869257062504
beta_sensitivity,mixed5,1.0,0,4.0,MinCut+RMatch,24,3.7677804600498845,3.7677804600498845,2.0398869257062504
beta_sensitivity,mixed5,1.0,0,4.0,MinCut+RMatch,25,3.8114151813832176,3.8114151813832176,2.0398869257062504
beta_sensitivity,mixed5,1.0,0,4.0,MinCut+RMatch,26,4.0637823749038535,4.0637823749038535,2.0398869257062504
beta_sensitivity,mixed5,1.0,0,4.0,MinCut+RMatch,27,3.58151392881179,3.58151392881179,2.0398869257062504
beta_sensitivity,mixed5,1.0,0,4.0,MinCut+RMatch,28,4.370344047478456,4.370344047478456,2.0398869257062504
beta_sensitivity,mixed5,1.0,0,4.0,MinCut+RMatch,29,4.3898001278594085,4.3898001278594085,2.0398869257062504
beta_sensitivity,mixed5,1.0,0,4.0,Rpartition+RMatch,0,15.084065314592479,15.084065314592479,23.958617377850004
beta_sensitivity,mixed5,1.0,0,4.0,Rpartition+RMatch,1,20.98847583976199,20.98847583976199,37.54190501564375
beta_sensitivity,mixed5,1.0,0,4.0,Rpartition+RMatch,2,32.89441873014247,32.89441873014247,64.19929891419997
beta_sensitivity,mixed5,1.0,0,4.0,Rpartition+RMatch,3,30.12544488850808,30.12544488850808,58.211114595893726
beta_sensitivity,mixed5,1.0,0,4.0,Rpartition+RMatch,4,28.816580110760793,28.816580110760793,53.03879677731875
beta_sensitivity,mixed5,1.0,0,4.0,Rpartition+RMatch,5,27.472780737448282,27.472780737448282,48.567038579024995
beta_sensitivity,mixed5,1.0,0,4.0,Rpartition+RMatch,6,9.322105687985301,9.322105687985301,11.791402493375
beta_sensitivity,mixed5,1.0,0,4.0,Rpartition+RMatch,7,33.54978237573345,33.54978237573345,66.33883960174997
beta_sensitivity,mixed5,1.0,0,4.0,Rpartition+RMatch,8,23.924038780560846,23.924038780560846,46.709298539406234
beta_sensitivity,mixed5,1.0,0,4.0,Rpartition+RMatch,9,32.16782326735555,32.16782326735555,64.47249634941247
beta_sensitivity,mixed5,1.0,0,4.0,Rpartition+RMatch,10,30.62825928760772,30.62825928760772,58.61017911125312
beta_sensitivity,mixed5,1.0,0,4.0,Rpartition+RMatch,11,29.323054787499636,29.323054787499636,54.7100425090625
beta_sensitivity,mixed5,1.0,0,4.0,Rpartition+RMatch,12,24.99861678702857,24.99861678702857,51.113883048774944
beta_sensitivity,mixed5,1.0,0,4.0,Rpartition+RMatch,13,24.932758131278458,24.932758131278458,45.3574757896875
beta_sensitivity,mixed5,1.0,0,4.0,Rpartition+RMatch,14,20.142226506710323,20.142226506710323,37.96461063540619
beta_sensitivity,mixed5,1.0,0,4.0,Rpartition+RMatch,15,16.97250702181625,16.97250702181625,31.743875367934372
beta_sensitivity,mixed5,1.0,0,4.0,Rpartition+RMatch,16,18.57441119280365,18.57441119280365,35.25085531501873
beta_sensitivity,mixed5,1.0,0,4.0,Rpartition+RMatch,17,21.825262932059232,21.825262932059232,45.75119490811556
beta_sensitivity,mixed5,1.0,0,4.0,Rpartition+RMatch,18,29.28633533389185,29.28633533389185,54.1940616276625
beta_sensitivity,mixed5,1.0,0,4.0,Rpartition+RMatch,19,23.38899428934317,23.38899428934317,44.774953468956234
beta_sensitivity,mixed5,1.0,0,4.0,Rpartition+RMatch,20,10.526387227649128,10.526387227649128,13.025396066081255
beta_sensitivity,mixed5,1.0,0,4.0,Rpartition+RMatch,21,27.225559386043887,27.225559386043887,53.38343021644684
beta_sensitivity,mixed5,1.0,0,4.0,Rpartition+RMatch,22,20.316873283693624,20.316873283693624,34.36623752796875
beta_sensitivity,mixed5,1.0,0,4.0,Rpartition+RMatch,23,26.47551281533871,26.47551281533871,46.77949920783749
beta_sensitivity,mixed5,1.0,0,4.0,Rpartition+RMatch,24,24.573510169021738,24.573510169021738,44.308881236715614
beta_sensitivity,mixed5,1.0,0,4.0,Rpartition+RMatch,25,14.947051315031622,14.947051315031622,23.377971594875003
beta_sensitivity,mixed5,1.0,0,4.0,Rpartition+RMatch,26,26.02236062394058,26.02236062394058,50.26291587953749
beta_sensitivity,mixed5,1.0,0,4.0,Rpartition+RMatch,27,30.824796851107813,30.824796851107813,58.696687527456234
beta_sensitivity,mixed5,1.0,0,4.0,Rpartition+RMatch,28,17.52131458386596,17.52131458386596,32.746001394274984
beta_sensitivity,mixed5,1.0,0,4.0,Rpartition+RMatch,29,25.405866055042168,25.405866055042168,44.63010154155625
beta_sensitivity,mixed5,1.0,0.5,4.0,MinCut+RMatch,0,5.108580171664914,4.088636708811789,2.0398869257062504
beta_sensitivity,mixed5,1.0,0.5,4.0,MinCut+RMatch,1,5.1716709733792,4.151727510526076,2.0398869257062504
beta_sensitivity,mixed5,1.0,0.5,4.0,MinCut+RMatch,2,5.493864659664915,4.47392119681179,2.0398869257062504
beta_sensitivity,mixed5,1.0,0.5,4.0,MinCut+RMatch,3,4.703383752756979,3.683440289903854,2.0398869257062504
beta_sensitivity,mixed5,1.0,0.5,4.0,MinCut+RMatch,4,5.39028751033158,4.370344047478456,2.0398869257062504
beta_sensitivity,mixed5,1.0,0.5,4.0,MinCut+RMatch,5,5.309335925188723,4.289392462335599,2.0398869257062504
beta_sensitivity,mixed5,1.0,0.5,4.0,MinCut+RMatch,6,4.586005694979201,3.566062232126076,2.0398869257062504
beta_sensitivity,mixed5,1.0,0.5,4.0,MinCut+RMatch,7,5.313719635322057,4.293776172468933,2.0398869257062504
beta_sensitivity,mixed5,1.0,0.5,4.0,MinCut+RMatch,8,5.093128474979201,4.073185012126076,2.0398869257062504
beta_sensitivity,mixed5,1.0,0.5,4.0,MinCut+RMatch,9,4.816104172131581,3.796160709278457,2.0398869257062504
beta_sensitivity,mixed5,1.0,0.5,4.0,MinCut+RMatch,10,5.517707524410946,4.497764061557821,2.0398869257062504
beta_sensitivity,mixed5,1.0,0.5,4.0,MinCut+RMatch,11,4.553956935855391,3.534013473002266,2.0398869257062504
beta_sensitivity,mixed5,1.0,0.5,4.0,MinCut+RMatch,12,5.309335925188723,4.289392462335599,2.0398869257062504
beta_sensitivity,mixed5,1.0,0.5,4.0,MinCut+RMatch,13,5.493864659664915,4.47392119681179,2.0398869257062504
beta_sensitivity,mixed5,1.0,0.5,4.0,MinCut+RMatch,14,4.682468211664916,3.6625247488117907,2.0398869257062504
beta_sensitivity,mixed5,1.0,0.5,4.0,MinCut+RMatch,15,5.034780658125233,4.014837195272108,2.0398869257062504
beta_sensitivity,mixed5,1.0,0.5,4.0,MinCut+RMatch,16,5.505618419410946,4.485674956557822,2.0398869257062504
beta_sensitivity,mixed5,1.0,0.5,4.0,MinCut+RMatch,17,4.896458998433168,3.876515535580044,2.0398869257062504
beta_sensitivity,mixed5,1.0,0.5,4.0,MinCut+RMatch,18,4.775902078712534,3.7559586158594094,2.0398869257062504
beta_sensitivity,mixed5,1.0,0.5,4.0,MinCut+RMatch,19,4.715725200490311,3.695781737637187,2.0398869257062504
beta_sensitivity,mixed5,1.0,0.5,4.0,MinCut+RMatch,20,5.029638388236344,4.009694925383219,2.0398869257062504
beta_sensitivity,mixed5,1.0,0.5,4.0,MinCut+RMatch,21,4.831358644236342,3.8114151813832176,2.0398869257062504
beta_sensitivity,mixed5,1.0,0.5,4.0,MinCut+RMatch,22,4.787723922903009,3.7677804600498845,2.0398869257062504
beta_sensitivity,mixed5,1.0,0.5,4.0,MinCut+RMatch,23,5.081648795410946,4.061705332557821,2.0398869257062504
beta_sensitivity,mixed5,1.0,0.5,4.0,MinCut+RMatch,24,5.321425030188723,4.301481567335598,2.0398869257062504
beta_sensitivity,mixed5,1.0,0.5,4.0,MinCut+RMatch,25,4.701168806522059,3.6812253436689337,2.0398869257062504
beta_sensitivity,mixed5,1.0,0.5,4.0,MinCut+RMatch,26,4.614213606645867,3.594270143792743,2.0398869257062504
beta_sensitivity,mixed5,1.0,0.5,4.0,MinCut+RMatch,27,4.9694615100141215,3.9495180471609967,2.0398869257062504
beta_sensitivity,mixed5,1.0,0.5,4.0,MinCut+RMatch,28,4.8065968553220575,3.7866533924689323,2.0398869257062504
beta_sensitivity,mixed5,1.0,0.5,4.0,MinCut+RMatch,29,5.285616403242692,4.2656729403895675,2.0398869257062504
beta_sensitivity,mixed5,1.0,0.5,4.0,Rpartition+RMatch,0,53.787910851506176,28.408712613485093,50.758396476042165
beta_sensitivity,mixed5,1.0,0.5,4.0,Rpartition+RMatch,1,31.37189882262485,16.072175582924864,30.599446479399973
beta_sensitivity,mixed5,1.0,0.5,4.0,Rpartition+RMatch,2,57.93842613153634,29.645883615892593,56.585085031287484
beta_sensitivity,mixed5,1.0,0.5,4.0,Rpartition+RMatch,3,62.653647186221576,31.73911370905284,61.82906695433747
beta_sensitivity,mixed5,1.0,0.5,4.0,Rpartition+RMatch,4,35.207030188009256,17.88911683949676,34.635826697024974
beta_sensitivity,mixed5,1.0,0.5,4.0,Rpartition+RMatch,5,64.79011822962974,32.56463959238133,64.45095727449686
beta_sensitivity,mixed5,1.0,0.5,4.0,Rpartition+RMatch,6,63.33136419148916,32.16426357604855,62.334201230881234
beta_sensitivity,mixed5,1.0,0.5,4.0,Rpartition+RMatch,7,63.85940470951349,31.754126521263522,64.21055637649994
beta_sensitivity,mixed5,1.0,0.5,4.0,Rpartition+RMatch,8,55.61794552449622,28.334713045149353,54.56646495869373
beta_sensitivity,mixed5,1.0,0.5,4.0,Rpartition+RMatch,9,56.994620397160574,29.499193698394937,54.990853397531254
beta_sensitivity,mixed5,1.0,0.5,4.0,Rpartition+RMatch,10,53.943820043504005,26.549818896582163,54.78800229384369
beta_sensitivity,mixed5,1.0,0.5,4.0,Rpartition+RMatch,11,37.74795002839237,19.938196635967373,35.61950678484999
beta_sensitivity,mixed5,1.0,0.5,4.0,Rpartition+RMatch,12,49.75839241830056,26.40050661805056,46.7157716005
beta_sensitivity,mixed5,1.0,0.5,4.0,Rpartition+RMatch,13,46.22061981350506,24.341266960373808,43.758705706262504
beta_sensitivity,mixed5,1.0,0.5,4.0,Rpartition+RMatch,14,60.810172379149556,30.95046587486206,59.71941300857499
beta_sensitivity,mixed5,1.0,0.5,4.0,Rpartition+RMatch,15,21.309100274099972,12.288429735940596,18.04134107631875
beta_sensitivity,mixed5,1.0,0.5,4.0,Rpartition+RMatch,16,69.59283353011853,34.69126576477635,69.80313553068436
beta_sensitivity,mixed5,1.0,0.5,4.0,Rpartition+RMatch,17,29.9262190308987,15.79406422777997,28.26430960623747
beta_sensitivity,mixed5,1.0,0.5,4.0,Rpartition+RMatch,18,28.179961791081315,14.80252135250007,26.754880877162492
beta_sensitivity,mixed5,1.0,0.5,4.0,Rpartition+RMatch,19,54.024617097934794,28.16991608495823,51.70940202595312
beta_sensitivity,mixed5,1.0,0.5,4.0,Rpartition+RMatch,20,31.625728961598504,16.547233129532888,30.156991664131237
beta_sensitivity,mixed5,1.0,0.5,4.0,Rpartition+RMatch,21,28.234640627226312,14.639492822126318,27.190295610199996
beta_sensitivity,mixed5,1.0,0.5,4.0,Rpartition+RMatch,22,51.758852703702445,27.254751400655568,49.00820260609375
beta_sensitivity,mixed5,1.0,0.5,4.0,Rpartition+RMatch,23,37.343993327928956,19.75447032645708,35.17904600294375
beta_sensitivity,mixed5,1.0,0.5,4.0,Rpartition+RMatch,24,41.758084250468876,21.894628521759497,39.726911457418744
beta_sensitivity,mixed5,1.0,0.5,4.0,Rpartition+RMatch,25,51.33425464228647,26.325738163280228,50.01703295801248
beta_sensitivity,mixed5,1.0,0.5,4.0,Rpartition+RMatch,26,45.910794326103066,23.211938594603076,45.39771146299998
beta_sensitivity,mixed5,1.0,0.5,4.0,Rpartition+RMatch,27,33.73982821022521,18.14141547586585,31.196825468718743
beta_sensitivity,mixed5,1.0,0.5,4.0,Rpartition+RMatch,28,53.226759075750856,27.95531089686024,50.54289635778125
beta_sensitivity,mixed5,1.0,0.5,4.0,Rpartition+RMatch,29,53.13129005613679,27.5999006367993,51.062778838674994
beta_sensitivity,mixed5,1.0,1,4.0,MinCut+RMatch,0,6.113071937832325,4.073185012126076,2.0398869257062504
beta_sensitivity,mixed5,1.0,1,4.0,MinCut+RMatch,1,5.958463283064072,3.9185763573578214,2.0398869257062504
beta_sensitivity,mixed5,1.0,1,4.0,MinCut+RMatch,2,5.753185915518042,3.7132989898117907,2.0398869257062504
beta_sensitivity,mixed5,1.0,1,4.0,MinCut+RMatch,3,6.094833021667245,4.054946095960996,2.0398869257062504
beta_sensitivity,mixed5,1.0,1,4.0,MinCut+RMatch,4,6.091206770708515,4.051319845002265,2.0398869257062504
beta_sensitivity,mixed5,1.0,1,4.0,MinCut+RMatch,5,5.879966610518041,3.8400796848117906,2.0398869257062504
beta_sensitivity,mixed5,1.0,1,4.0,MinCut+RMatch,6,5.836047634984706,3.796160709278457,2.0398869257062504
beta_sensitivity,mixed5,1.0,1,4.0,MinCut+RMatch,7,5.829851654467245,3.789964728760996,2.0398869257062504
beta_sensitivity,mixed5,1.0,1,4.0,MinCut+RMatch,8,5.61829060556566,3.5784036798594094,2.0398869257062504
beta_sensitivity,mixed5,1.0,1,4.0,MinCut+RMatch,9,6.101592258264072,4.061705332557821,2.0398869257062504
beta_sensitivity,mixed5,1.0,1,4.0,MinCut+RMatch,10,6.338094707851372,4.298207782145122,2.0398869257062504
beta_sensitivity,mixed5,1.0,1,4.0,MinCut+RMatch,11,6.024753377308516,3.9848664516022656,2.0398869257062504
beta_sensitivity,mixed5,1.0,1,4.0,MinCut+RMatch,12,5.644411292308516,3.604524366602266,2.0398869257062504
beta_sensitivity,mixed5,1.0,1,4.0,MinCut+RMatch,13,5.867462203356134,3.8275752776498844,2.0398869257062504
beta_sensitivity,mixed5,1.0,1,4.0,MinCut+RMatch,14,6.420284416343437,4.380397490637186,2.0398869257062504
beta_sensitivity,mixed5,1.0,1,4.0,MinCut+RMatch,15,5.858441626756134,3.818554701049884,2.0398869257062504
beta_sensitivity,mixed5,1.0,1,4.0,MinCut+RMatch,16,5.61829060556566,3.5784036798594094,2.0398869257062504
beta_sensitivity,mixed5,1.0,1,4.0,MinCut+RMatch,17,5.660530098975182,3.6206431732689324,2.0398869257062504
beta_sensitivity,mixed5,1.0,1,4.0,MinCut+RMatch,18,6.0338210398513725,3.993934114145123,2.0398869257062504
beta_sensitivity,mixed5,1.0,1,4.0,MinCut+RMatch,19,5.879966610518041,3.8400796848117906,2.0398869257062504
beta_sensitivity,mixed5,1.0,1,4.0,MinCut+RMatch,20,6.4733217748989915,4.433434849192742,2.0398869257062504
beta_sensitivity,mixed5,1.0,1,4.0,MinCut+RMatch,21,5.661925326898993,3.622038401192743,2.0398869257062504
beta_sensitivity,mixed5,1.0,1,4.0,MinCut+RMatch,22,5.62140085451804,3.58151392881179,2.0398869257062504
beta_sensitivity,mixed5,1.0,1,4.0,MinCut+RMatch,23,5.962828329984706,3.9229414042784567,2.0398869257062504
beta_sensitivity,mixed5,1.0,1,4.0,MinCut+RMatch,24,6.341368493041848,4.301481567335598,2.0398869257062504
beta_sensitivity,mixed5,1.0,1,4.0,MinCut+RMatch,25,5.577677757641849,3.5377908319355993,2.0398869257062504
beta_sensitivity,mixed5,1.0,1,4.0,MinCut+RMatch,26,5.826540318175183,3.7866533924689323,2.0398869257062504
beta_sensitivity,mixed5,1.0,1,4.0,MinCut+RMatch,27,6.341368493041848,4.301481567335598,2.0398869257062504
beta_sensitivity,mixed5,1.0,1,4.0,MinCut+RMatch,28,5.644411292308516,3.604524366602266,2.0398869257062504
beta_sensitivity,mixed5,1.0,1,4.0,MinCut+RMatch,29,5.702411674518041,3.6625247488117907,2.0398869257062504
beta_sensitivity,mixed5,1.0,1,4.0,Rpartition+RMatch,0,94.50143853021969,32.08439797700721,62.41704055321248
beta_sensitivity,mixed5,1.0,1,4.0,Rpartition+RMatch,1,86.46380939318252,29.852822671588754,56.61098672159376
beta_sensitivity,mixed5,1.0,1,4.0,Rpartition+RMatch,2,57.78894867285004,19.823195038750104,37.96575363409994
beta_sensitivity,mixed5,1.0,1,4.0,Rpartition+RMatch,3,36.94311791903368,13.435916879452444,23.50720103958124
beta_sensitivity,mixed5,1.0,1,4.0,Rpartition+RMatch,4,42.7664207633633,15.14599976231956,27.620421001043738
beta_sensitivity,mixed5,1.0,1,4.0,Rpartition+RMatch,5,50.193288438018186,17.282130600168227,32.91115783784997
beta_sensitivity,mixed5,1.0,1,4.0,Rpartition+RMatch,6,60.11482764175369,20.23058311873496,39.88424452301873
beta_sensitivity,mixed5,1.0,1,4.0,Rpartition+RMatch,7,96.43442585292786,32.270999443277894,64.16342640964997
beta_sensitivity,mixed5,1.0,1,4.0,Rpartition+RMatch,8,81.10570937266917,28.244575955678556,52.86113341699062
beta_sensitivity,mixed5,1.0,1,4.0,Rpartition+RMatch,9,92.9256922179568,31.57922023096306,61.346471986993734
beta_sensitivity,mixed5,1.0,1,4.0,Rpartition+RMatch,10,78.45835176255738,27.612813322344877,50.84553844021249
beta_sensitivity,mixed5,1.0,1,4.0,Rpartition+RMatch,11,84.88011368931664,28.255741671913555,56.62437201740309
beta_sensitivity,mixed5,1.0,1,4.0,Rpartition+RMatch,12,75.26609573714347,25.377282854612243,49.88881288253122
beta_sensitivity,mixed5,1.0,1,4.0,Rpartition+RMatch,13,58.689731295327306,19.734789533696087,38.95494176163122
beta_sensitivity,mixed5,1.0,1,4.0,Rpartition+RMatch,14,78.69345912988322,26.698218682727003,51.99524044715622
beta_sensitivity,mixed5,1.0,1,4.0,Rpartition+RMatch,15,75.84418189988766,27.337814740987646,48.506367158900005
beta_sensitivity,mixed5,1.0,1,4.0,Rpartition+RMatch,16,79.6158205584116,28.29572051737098,51.320100041040625
beta_sensitivity,mixed5,1.0,1,4.0,Rpartition+RMatch,17,64.7214717598754,21.998140220381675,42.72333153949373
beta_sensitivity,mixed5,1.0,1,4.0,Rpartition+RMatch,18,101.09238475072473,33.329172765668545,67.76321198505619
beta_sensitivity,mixed5,1.0,1,4.0,Rpartition+RMatch,19,36.90241837611142,14.25874422932392,22.6436741467875
beta_sensitivity,mixed5,1.0,1,4.0,Rpartition+RMatch,20,61.557265551401045,20.334104426729205,41.22316112467183
beta_sensitivity,mixed5,1.0,1,4.0,Rpartition+RMatch,21,56.901205221746004,19.764179940221013,37.137025281524984
beta_sensitivity,mixed5,1.0,1,4.0,Rpartition+RMatch,22,23.132718416610683,10.76889195630443,12.36382646030625
beta_sensitivity,mixed5,1.0,1,4.0,Rpartition+RMatch,23,44.230554987448265,15.59664358041702,28.633911407031245
beta_sensitivity,mixed5,1.0,1,4.0,Rpartition+RMatch,24,64.53296439202987,24.24506073037362,40.287903661656244
beta_sensitivity,mixed5,1.0,1,4.0,Rpartition+RMatch,25,55.2492997308952,19.126547695560838,36.12275203533437
beta_sensitivity,mixed5,1.0,1,4.0,Rpartition+RMatch,26,56.03562039478081,20.16376623112456,35.87185416365625
beta_sensitivity,mixed5,1.0,1,4.0,Rpartition+RMatch,27,72.97443649052947,25.797233921910724,47.17720256861874
beta_sensitivity,mixed5,1.0,1,4.0,Rpartition+RMatch,28,68.05758944005736,23.284215033094874,44.77337440696249
beta_sensitivity,mixed5,1.0,1,4.0,Rpartition+RMatch,29,86.06519029647313,29.85968733533567,56.20550296113748
beta_sensitivity,mixed5,1.0,2,4.0,MinCut+RMatch,0,7.863420775395717,3.7836469239832176,2.0398869257062504
beta_sensitivity,mixed5,1.0,2,4.0,MinCut+RMatch,1,8.518350970494131,4.43857711908163,2.0398869257062504
beta_sensitivity,mixed5,1.0,2,4.0,MinCut+RMatch,2,8.352058281659211,4.27228443024671,2.0398869257062504
beta_sensitivity,mixed5,1.0,2,4.0,MinCut+RMatch,3,8.185869390827465,4.106095539414965,2.0398869257062504
beta_sensitivity,mixed5,1.0,2,4.0,MinCut+RMatch,4,8.518350970494131,4.43857711908163,2.0398869257062504
beta_sensitivity,mixed5,1.0,2,4.0,MinCut+RMatch,5,7.956289386992545,3.876515535580044,2.0398869257062504
beta_sensitivity,mixed5,1.0,2,4.0,MinCut+RMatch,6,7.998350208770322,3.9185763573578214,2.0398869257062504
beta_sensitivity,mixed5,1.0,2,4.0,MinCut+RMatch,7,7.735324801748099,3.655550950335599,2.0398869257062504
beta_sensitivity,mixed5,1.0,2,4.0,MinCut+RMatch,8,7.793072841224291,3.7132989898117907,2.0398869257062504
beta_sensitivity,mixed5,1.0,2,4.0,MinCut+RMatch,9,7.652472460414765,3.572698609002266,2.0398869257062504
beta_sensitivity,mixed5,1.0,2,4.0,MinCut+RMatch,10,8.544292411002068,4.464518559589568,2.0398869257062504
beta_sensitivity,mixed5,1.0,2,4.0,MinCut+RMatch,11,7.919853536224291,3.8400796848117906,2.0398869257062504
beta_sensitivity,mixed5,1.0,2,4.0,MinCut+RMatch,12,8.345446791802068,4.2656729403895675,2.0398869257062504
beta_sensitivity,mixed5,1.0,2,4.0,MinCut+RMatch,13,8.172330496262385,4.092556644849885,2.0398869257062504
beta_sensitivity,mixed5,1.0,2,4.0,MinCut+RMatch,14,8.172330496262385,4.092556644849885,2.0398869257062504
beta_sensitivity,mixed5,1.0,2,4.0,MinCut+RMatch,15,8.014469015436989,3.934695164024488,2.0398869257062504
beta_sensitivity,mixed5,1.0,2,4.0,MinCut+RMatch,16,7.775555589049688,3.695781737637187,2.0398869257062504
beta_sensitivity,mixed5,1.0,2,4.0,MinCut+RMatch,17,7.875934560690956,3.796160709278457,2.0398869257062504
beta_sensitivity,mixed5,1.0,2,4.0,MinCut+RMatch,18,7.658177531271909,3.5784036798594094,2.0398869257062504
beta_sensitivity,mixed5,1.0,2,4.0,MinCut+RMatch,19,8.513208700605242,4.433434849192742,2.0398869257062504
beta_sensitivity,mixed5,1.0,2,4.0,MinCut+RMatch,20,8.014469015436989,3.934695164024488,2.0398869257062504
beta_sensitivity,mixed5,1.0,2,4.0,MinCut+RMatch,21,8.08707691445921,4.0073030630467095,2.0398869257062504
beta_sensitivity,mixed5,1.0,2,4.0,MinCut+RMatch,22,8.16841056022429,4.088636708811789,2.0398869257062504
beta_sensitivity,mixed5,1.0,2,4.0,MinCut+RMatch,23,7.863420775395717,3.7836469239832176,2.0398869257062504
beta_sensitivity,mixed5,1.0,2,4.0,MinCut+RMatch,24,7.866427243881432,3.7866533924689323,2.0398869257062504
beta_sensitivity,mixed5,1.0,2,4.0,MinCut+RMatch,25,8.460171342049687,4.380397490637186,2.0398869257062504
beta_sensitivity,mixed5,1.0,2,4.0,MinCut+RMatch,26,7.882080027906829,3.802306176494329,2.0398869257062504
beta_sensitivity,mixed5,1.0,2,4.0,MinCut+RMatch,27,8.131093696414766,4.051319845002265,2.0398869257062504
beta_sensitivity,mixed5,1.0,2,4.0,MinCut+RMatch,28,7.735324801748099,3.655550950335599,2.0398869257062504
beta_sensitivity,mixed5,1.0,2,4.0,MinCut+RMatch,29,8.469573979271908,4.3898001278594085,2.0398869257062504
beta_sensitivity,mixed5,1.0,2,4.0,Rpartition+RMatch,0,62.902240458421424,14.800160625421414,24.051039916500002
beta_sensitivity,mixed5,1.0,2,4.0,Rpartition+RMatch,1,143.59718028313569,30.13269759849817,56.73224134231875
beta_sensitivity,mixed5,1.0,2,4.0,Rpartition+RMatch,2,84.93023080276438,17.85006589801444,33.540082452374975
beta_sensitivity,mixed5,1.0,2,4.0,Rpartition+RMatch,3,116.00505310359628,25.587240108546272,45.20890649752501
beta_sensitivity,mixed5,1.0,2,4.0,Rpartition+RMatch,4,159.8248990919833,32.467823625795816,63.678537733093734
beta_sensitivity,mixed5,1.0,2,4.0,Rpartition+RMatch,5,165.69123643273178,33.290819395631864,66.20020851854997
beta_sensitivity,mixed5,1.0,2,4.0,Rpartition+RMatch,6,116.45886117028357,23.98875507187109,46.23505304920624
beta_sensitivity,mixed5,1.0,2,4.0,Rpartition+RMatch,7,174.15042687178078,34.669721794668405,69.74035253855618
beta_sensitivity,mixed5,1.0,2,4.0,Rpartition+RMatch,8,81.0267845350509,16.026053334600945,32.50036560022497
beta_sensitivity,mixed5,1.0,2,4.0,Rpartition+RMatch,9,54.21588033733805,13.316797786425568,20.44954127545624
beta_sensitivity,mixed5,1.0,2,4.0,Rpartition+RMatch,10,69.79920559468991,16.3696001038149,26.714802745437503
beta_sensitivity,mixed5,1.0,2,4.0,Rpartition+RMatch,11,73.61085101805735,15.64460391461994,28.9831235517187
beta_sensitivity,mixed5,1.0,2,4.0,Rpartition+RMatch,12,30.286551253531186,9.52191223346868,10.382319510031254
beta_sensitivity,mixed5,1.0,2,4.0,Rpartition+RMatch,13,83.76097705593533,18.640222723622827,32.56037716615625
beta_sensitivity,mixed5,1.0,2,4.0,Rpartition+RMatch,14,78.60793175391385,17.232021651476376,30.687955051218736
beta_sensitivity,mixed5,1.0,2,4.0,Rpartition+RMatch,15,93.34412933497329,18.876285918935828,37.23392170801873
beta_sensitivity,mixed5,1.0,2,4.0,Rpartition+RMatch,16,130.6581288659366,26.236570299511676,52.21077928321247
beta_sensitivity,mixed5,1.0,2,4.0,Rpartition+RMatch,17,141.4527540699067,29.588522579869167,55.93211574501875
beta_sensitivity,mixed5,1.0,2,4.0,Rpartition+RMatch,18,160.7875043459834,32.58609711192091,64.10070361703123
beta_sensitivity,mixed5,1.0,2,4.0,Rpartition+RMatch,19,68.83199880444698,15.33865141688448,26.746673693781247
beta_sensitivity,mixed5,1.0,2,4.0,Rpartition+RMatch,20,140.92123067971454,29.299104791427062,55.811062944143735
beta_sensitivity,mixed5,1.0,2,4.0,Rpartition+RMatch,21,173.28854128935123,34.160736061301364,69.56390261402493
beta_sensitivity,mixed5,1.0,2,4.0,Rpartition+RMatch,22,113.65122108891214,25.1744996030809,44.238360742915624
beta_sensitivity,mixed5,1.0,2,4.0,Rpartition+RMatch,23,149.43018749946052,30.96623624452931,59.23197562746561
beta_sensitivity,mixed5,1.0,2,4.0,Rpartition+RMatch,24,89.63359943984884,19.802164612255083,34.91571741379687
beta_sensitivity,mixed5,1.0,2,4.0,Rpartition+RMatch,25,102.33145946978453,21.888099362084542,40.221680053849994
beta_sensitivity,mixed5,1.0,2,4.0,Rpartition+RMatch,26,112.0580147005267,24.547848570676713,43.755083064924996
beta_sensitivity,mixed5,1.0,2,4.0,Rpartition+RMatch,27,60.746794606261524,13.427750678486543,23.659521963887492
beta_sensitivity,mixed5,1.0,2,4.0,Rpartition+RMatch,28,63.1890307170986,13.926407191136132,24.631311762981234
beta_sensitivity,mixed5,1.0,2,4.0,Rpartition+RMatch,29,121.7545002771544,26.494200514891904,47.63014988113124
beta_sensitivity,mixed5,1.0,4,4.0,MinCut+RMatch,0,12.657311764382822,4.497764061557821,2.0398869257062504
beta_sensitivity,mixed5,1.0,4,4.0,MinCut+RMatch,1,12.555372003128852,4.395824300303853,2.0398869257062504
beta_sensitivity,mixed5,1.0,4,4.0,MinCut+RMatch,2,12.63067775227171,4.47113004944671,2.0398869257062504
beta_sensitivity,mixed5,1.0,4,4.0,MinCut+RMatch,3,12.434623280436789,4.27507557761179,2.0398869257062504
beta_sensitivity,mixed5,1.0,4,4.0,MinCut+RMatch,4,12.251098335128855,4.0915506323038535,2.0398869257062504
beta_sensitivity,mixed5,1.0,4,4.0,MinCut+RMatch,5,12.20846962634155,4.048921923516551,2.0398869257062504
beta_sensitivity,mixed5,1.0,4,4.0,MinCut+RMatch,6,12.569916910239964,4.410369207414964,2.0398869257062504
beta_sensitivity,mixed5,1.0,4,4.0,MinCut+RMatch,7,11.78872562368441,3.6291779208594095,2.0398869257062504
beta_sensitivity,mixed5,1.0,4,4.0,MinCut+RMatch,8,12.257246617563773,4.097698914738773,2.0398869257062504
beta_sensitivity,mixed5,1.0,4,4.0,MinCut+RMatch,9,12.081297492585996,3.9217497897609968,2.0398869257062504
beta_sensitivity,mixed5,1.0,4,4.0,MinCut+RMatch,10,11.96185387931933,3.802306176494329,2.0398869257062504
beta_sensitivity,mixed5,1.0,4,4.0,MinCut+RMatch,11,12.036063238405045,3.876515535580044,2.0398869257062504
beta_sensitivity,mixed5,1.0,4,4.0,MinCut+RMatch,12,11.949512431585996,3.789964728760996,2.0398869257062504
beta_sensitivity,mixed5,1.0,4,4.0,MinCut+RMatch,13,12.078124060182823,3.9185763573578214,2.0398869257062504
beta_sensitivity,mixed5,1.0,4,4.0,MinCut+RMatch,14,12.458466145182822,4.298918442357821,2.0398869257062504
beta_sensitivity,mixed5,1.0,4,4.0,MinCut+RMatch,15,11.718495302303458,3.5589475994784565,2.0398869257062504
beta_sensitivity,mixed5,1.0,4,4.0,MinCut+RMatch,16,12.036063238405045,3.876515535580044,2.0398869257062504
beta_sensitivity,mixed5,1.0,4,4.0,MinCut+RMatch,17,12.529891750303456,4.370344047478456,2.0398869257062504
beta_sensitivity,mixed5,1.0,4,4.0,MinCut+RMatch,18,12.036063238405045,3.876515535580044,2.0398869257062504
beta_sensitivity,mixed5,1.0,4,4.0,MinCut+RMatch,19,11.939450509414568,3.7799028065895683,2.0398869257062504
beta_sensitivity,mixed5,1.0,4,4.0,MinCut+RMatch,20,12.448940165160598,4.289392462335599,2.0398869257062504
beta_sensitivity,mixed5,1.0,4,4.0,MinCut+RMatch,21,12.657311764382822,4.497764061557821,2.0398869257062504
beta_sensitivity,mixed5,1.0,4,4.0,MinCut+RMatch,22,12.453323875293933,4.293776172468933,2.0398869257062504
beta_sensitivity,mixed5,1.0,4,4.0,MinCut+RMatch,23,11.804152433351078,3.6446047305260763,2.0398869257062504
beta_sensitivity,mixed5,1.0,4,4.0,MinCut+RMatch,24,12.057554980627266,3.8980072778022654,2.0398869257062504
beta_sensitivity,mixed5,1.0,4,4.0,MinCut+RMatch,25,12.210867547827267,4.051319845002265,2.0398869257062504
beta_sensitivity,mixed5,1.0,4,4.0,MinCut+RMatch,26,11.915506318684411,3.7559586158594094,2.0398869257062504
beta_sensitivity,mixed5,1.0,4,4.0,MinCut+RMatch,27,12.504957623827266,4.345409921002265,2.0398869257062504
beta_sensitivity,mixed5,1.0,4,4.0,MinCut+RMatch,28,11.804152433351078,3.6446047305260763,2.0398869257062504
beta_sensitivity,mixed5,1.0,4,4.0,MinCut+RMatch,29,11.6973385347606,3.5377908319355993,2.0398869257062504
beta_sensitivity,mixed5,1.0,4,4.0,Rpartition+RMatch,0,206.4046794544089,23.445674227533953,45.73975130671874
beta_sensitivity,mixed5,1.0,4,4.0,Rpartition+RMatch,1,207.4331680229756,23.525103922875697,45.97701602502497
beta_sensitivity,mixed5,1.0,4,4.0,Rpartition+RMatch,2,225.85148375038284,27.89841288835782,49.48826771550626
beta_sensitivity,mixed5,1.0,4,4.0,Rpartition+RMatch,3,279.96103425835287,31.93831688372801,62.00567934365621
beta_sensitivity,mixed5,1.0,4,4.0,Rpartition+RMatch,4,237.6474338235401,28.4719932765401,52.29386013675
beta_sensitivity,mixed5,1.0,4,4.0,Rpartition+RMatch,5,236.34727256662222,28.292572697184685,52.013674967359385
beta_sensitivity,mixed5,1.0,4,4.0,Rpartition+RMatch,6,248.51002665626703,28.921230725542053,54.897198982681246
beta_sensitivity,mixed5,1.0,4,4.0,Rpartition+RMatch,7,291.8110281596199,32.72670804312,64.77108002912499
beta_sensitivity,mixed5,1.0,4,4.0,Rpartition+RMatch,8,278.22484926483475,31.676940204209835,61.63697726515623
beta_sensitivity,mixed5,1.0,4,4.0,Rpartition+RMatch,9,208.10197114026988,23.228538335745,46.21835820113122
beta_sensitivity,mixed5,1.0,4,4.0,Rpartition+RMatch,10,279.6449193540701,31.888470769470246,61.93911214614997
beta_sensitivity,mixed5,1.0,4,4.0,Rpartition+RMatch,11,237.06848206709304,28.763208031093125,52.07631850899999
beta_sensitivity,mixed5,1.0,4,4.0,Rpartition+RMatch,12,286.9388153180172,32.49809882404228,63.61017912349372
beta_sensitivity,mixed5,1.0,4,4.0,Rpartition+RMatch,13,228.8425359553266,25.907540736626704,50.733748804674974
beta_sensitivity,mixed5,1.0,4,4.0,Rpartition+RMatch,14,228.5933475431923,25.351776475367405,50.81039276695621
beta_sensitivity,mixed5,1.0,4,4.0,Rpartition+RMatch,15,143.804430559186,17.442445205598517,31.590496338396868
beta_sensitivity,mixed5,1.0,4,4.0,Rpartition+RMatch,16,117.02182513772047,14.823110445020507,25.549678673174995
beta_sensitivity,mixed5,1.0,4,4.0,Rpartition+RMatch,17,314.7422735941498,34.76136330355003,69.99522757264995
beta_sensitivity,mixed5,1.0,4,4.0,Rpartition+RMatch,18,154.54775672803913,18.306888836539258,34.060216972874976
beta_sensitivity,mixed5,1.0,4,4.0,Rpartition+RMatch,19,167.17034299196797,18.8951590253181,37.06879599166247
beta_sensitivity,mixed5,1.0,4,4.0,Rpartition+RMatch,20,298.3879988309658,33.53466521104089,66.21333340498123
beta_sensitivity,mixed5,1.0,4,4.0,Rpartition+RMatch,21,191.6519983688934,23.290663360268425,42.09033375215625
beta_sensitivity,mixed5,1.0,4,4.0,Rpartition+RMatch,22,257.0254332614352,29.352725553310233,56.91817692703123
beta_sensitivity,mixed5,1.0,4,4.0,Rpartition+RMatch,23,309.9932812456396,34.36629887973983,68.90674559147493
beta_sensitivity,mixed5,1.0,4,4.0,Rpartition+RMatch,24,224.68696298721153,27.47156593838654,49.303849262206256
beta_sensitivity,mixed5,1.0,4,4.0,Rpartition+RMatch,25,54.83743827091418,9.40498805998917,11.358112552731253
beta_sensitivity,mixed5,1.0,4,4.0,Rpartition+RMatch,26,230.23818452473768,27.9712588199877,50.5667314261875
beta_sensitivity,mixed5,1.0,4,4.0,Rpartition+RMatch,27,232.6593331548119,28.519973925086862,51.03483980743126
beta_sensitivity,mixed5,1.0,4,4.0,Rpartition+RMatch,28,145.62944766626856,17.878207293368625,31.937810093224982
beta_sensitivity,mixed5,1.0,4,4.0,Rpartition+RMatch,29,136.78730148907508,15.881835007600117,30.226366620368744
